-- phpMyAdmin SQL Dump
-- version 5.2.0
-- https://www.phpmyadmin.net/
--
-- Host: localhost:3306
-- Generation Time: Dec 26, 2023 at 09:06 PM
-- Server version: 8.0.30
-- PHP Version: 8.1.10

SET SQL_MODE = "NO_AUTO_VALUE_ON_ZERO";
START TRANSACTION;
SET time_zone = "+00:00";


/*!40101 SET @OLD_CHARACTER_SET_CLIENT=@@CHARACTER_SET_CLIENT */;
/*!40101 SET @OLD_CHARACTER_SET_RESULTS=@@CHARACTER_SET_RESULTS */;
/*!40101 SET @OLD_COLLATION_CONNECTION=@@COLLATION_CONNECTION */;
/*!40101 SET NAMES utf8mb4 */;

--
-- Database: `crm`
--

-- --------------------------------------------------------

--
-- Table structure for table `companies`
--

CREATE TABLE `companies` (
  `id` bigint UNSIGNED NOT NULL,
  `name` varchar(255) COLLATE utf8mb4_unicode_ci NOT NULL,
  `email` varchar(255) CHARACTER SET utf8mb4 COLLATE utf8mb4_unicode_ci DEFAULT NULL,
  `logo` varchar(255) COLLATE utf8mb4_unicode_ci DEFAULT NULL,
  `created_at` timestamp NULL DEFAULT NULL,
  `updated_at` timestamp NULL DEFAULT NULL
) ENGINE=InnoDB DEFAULT CHARSET=utf8mb4 COLLATE=utf8mb4_unicode_ci;

--
-- Dumping data for table `companies`
--

INSERT INTO `companies` (`id`, `name`, `email`, `logo`, `created_at`, `updated_at`) VALUES
(4, 'Funk and Sonss', 'amy.boyle@example.org', NULL, '2023-12-26 13:14:20', '2023-12-26 17:02:05'),
(5, 'Bailey, Wiegand and Moen', 'obarrows@example.org', NULL, '2023-12-26 13:14:20', '2023-12-26 13:14:20'),
(6, 'Sawayn-Cormier', 'harmony.mayer@example.net', NULL, '2023-12-26 13:14:20', '2023-12-26 13:14:20'),
(7, 'Cassin LLC', 'salvatore.terry@example.org', NULL, '2023-12-26 13:14:20', '2023-12-26 13:14:20'),
(8, 'Russel, Wiegand and Hyatt', 'pamela.barrows@example.net', NULL, '2023-12-26 13:14:20', '2023-12-26 13:14:20'),
(9, 'McDermott and Sons', 'xschmitt@example.org', NULL, '2023-12-26 13:14:20', '2023-12-26 13:14:20'),
(10, 'Muller, Koepp and Hegmann', 'qmclaughlin@example.com', NULL, '2023-12-26 13:14:20', '2023-12-26 13:14:20'),
(11, 'Kris Group', 'jerome.mohr@example.org', NULL, '2023-12-26 13:33:24', '2023-12-26 13:33:24'),
(12, 'Lubowitz PLC', 'zechariah40@example.com', NULL, '2023-12-26 13:33:24', '2023-12-26 13:33:24'),
(13, 'Bradtke PLC', 'floy44@example.org', NULL, '2023-12-26 13:33:24', '2023-12-26 13:33:24'),
(14, 'Schiller-Schroeder', 'jamison.waelchi@example.org', NULL, '2023-12-26 13:33:24', '2023-12-26 13:33:24'),
(15, 'Parisian Ltd', 'halie86@example.com', NULL, '2023-12-26 13:33:24', '2023-12-26 13:33:24'),
(16, 'Rodriguez-Thompson', 'schaden.eldon@example.com', NULL, '2023-12-26 13:33:24', '2023-12-26 13:33:24'),
(17, 'Grant Ltd', 'ernestine.hilpert@example.org', NULL, '2023-12-26 13:33:24', '2023-12-26 13:33:24'),
(18, 'Jones, Kohler and Jaskolski', 'amelie.dietrich@example.net', NULL, '2023-12-26 13:33:24', '2023-12-26 13:33:24'),
(19, 'Hermann, Mayer and Rogahn', 'scrooks@example.net', NULL, '2023-12-26 13:33:24', '2023-12-26 13:33:24'),
(20, 'Zieme Group', 'loyal58@example.com', NULL, '2023-12-26 13:33:24', '2023-12-26 13:33:24'),
(21, 'Harris-Marvin', 'dawson13@example.com', NULL, '2023-12-26 13:33:24', '2023-12-26 13:33:24'),
(22, 'Abbott Group', 'oconnell.marisa@example.com', NULL, '2023-12-26 13:33:24', '2023-12-26 13:33:24'),
(23, 'Pfeffer, Rosenbaum and Fay', 'brittany78@example.com', NULL, '2023-12-26 13:33:24', '2023-12-26 13:33:24'),
(24, 'Daugherty-Connellt', 'mjerde@example.org', NULL, '2023-12-26 13:33:24', '2023-12-26 15:32:15'),
(25, 'Armstrong, McLaughlin and Yos', 'ofadel@example.org', NULL, '2023-12-26 13:33:24', '2023-12-26 15:26:58'),
(26, 'D\'Amore LLC', 'marley.simonis@example.com', NULL, '2023-12-26 13:33:24', '2023-12-26 13:33:24'),
(27, 'Leannon-McClure', 'jazmyn.hane@example.net', NULL, '2023-12-26 13:33:24', '2023-12-26 13:33:24'),
(28, 'Champlin-Moen', 'ecartwright@example.com', NULL, '2023-12-26 13:33:24', '2023-12-26 13:33:24'),
(29, 'Parisian Ltd', 'laurie.cummerata@example.net', NULL, '2023-12-26 13:33:24', '2023-12-26 13:33:24'),
(30, 'Hills-Denesik', 'wyman.price@example.net', NULL, '2023-12-26 13:33:24', '2023-12-26 13:33:24'),
(31, 'Hartmann, Osinski and Harris', 'gretchen61@example.net', NULL, '2023-12-26 13:33:24', '2023-12-26 13:33:24');

-- --------------------------------------------------------

--
-- Table structure for table `employees`
--

CREATE TABLE `employees` (
  `id` bigint UNSIGNED NOT NULL,
  `first_name` varchar(255) COLLATE utf8mb4_unicode_ci NOT NULL,
  `last_name` varchar(255) COLLATE utf8mb4_unicode_ci NOT NULL,
  `company_id` bigint UNSIGNED NOT NULL,
  `email` varchar(255) COLLATE utf8mb4_unicode_ci NOT NULL,
  `phone` varchar(255) COLLATE utf8mb4_unicode_ci DEFAULT NULL,
  `created_at` timestamp NULL DEFAULT NULL,
  `updated_at` timestamp NULL DEFAULT NULL
) ENGINE=InnoDB DEFAULT CHARSET=utf8mb4 COLLATE=utf8mb4_unicode_ci;

--
-- Dumping data for table `employees`
--

INSERT INTO `employees` (`id`, `first_name`, `last_name`, `company_id`, `email`, `phone`, `created_at`, `updated_at`) VALUES
(4, 'Victoria', 'Stokes', 4, 'genevieve52@example.com', '+1.213.649.2267', '2023-12-26 14:42:54', '2023-12-26 14:42:54'),
(5, 'Johathan', 'Conroy', 10, 'wprohaska@example.org', '+1.707.206.2947', '2023-12-26 14:42:54', '2023-12-26 14:42:54'),
(8, 'Cedrick', 'Bogisich', 9, 'rowena30@example.net', '234.590.3645', '2023-12-26 14:42:54', '2023-12-26 14:42:54'),
(10, 'Delphia', 'Schulist', 8, 'jast.eldridge@example.net', '(603) 815-0103', '2023-12-26 14:42:54', '2023-12-26 14:42:54'),
(11, 'Freddie', 'Hermiston', 5, 'carter.madelyn@example.com', '1-740-801-4587', '2023-12-26 14:42:54', '2023-12-26 14:42:54'),
(12, 'Ewell', 'Russel', 5, 'stuart.hagenes@example.org', '+1-406-641-5467', '2023-12-26 14:42:54', '2023-12-26 14:42:54'),
(13, 'Dayton', 'Goyette', 5, 'okon.rosamond@example.org', '1-225-239-0946', '2023-12-26 14:42:54', '2023-12-26 14:42:54'),
(14, 'Angeline', 'Schimmel', 10, 'josianne.hand@example.net', '+1-283-547-5793', '2023-12-26 14:42:54', '2023-12-26 14:42:54'),
(16, 'Frieda', 'Bailey', 6, 'tyrel.mccullough@example.com', '+17042231223', '2023-12-26 14:42:54', '2023-12-26 14:42:54'),
(17, 'Josie', 'Pfannerstill', 10, 'joshuah.parker@example.com', '347.705.9593', '2023-12-26 14:42:54', '2023-12-26 14:42:54'),
(18, 'Chasity', 'Trantow', 10, 'zbergnaum@example.org', '1-678-583-6826', '2023-12-26 14:42:54', '2023-12-26 14:42:54'),
(23, 'Eliane', 'Kuhlman', 6, 'pamela66@example.net', '1-458-993-3443', '2023-12-26 14:42:54', '2023-12-26 14:42:54'),
(24, 'Vincenzo', 'Smitham', 6, 'eliza79@example.org', '1-210-955-1144', '2023-12-26 14:42:54', '2023-12-26 14:42:54'),
(25, 'Zola', 'Lowe', 8, 'julian63@example.org', '630.403.6236', '2023-12-26 14:42:54', '2023-12-26 14:42:54'),
(26, 'Ibrahim', 'Hirthe', 10, 'elissa31@example.com', '424-901-8210', '2023-12-26 14:42:54', '2023-12-26 14:42:54'),
(28, 'Evans', 'Spencer', 6, 'mckenzie.dangelo@example.net', '1-352-518-4482', '2023-12-26 14:42:54', '2023-12-26 14:42:54'),
(29, 'Flossie', 'Hagenes', 5, 'hmertz@example.org', '1-216-250-7095', '2023-12-26 14:42:54', '2023-12-26 14:42:54'),
(31, 'Jonatan', 'Wolf', 7, 'rudy58@example.net', '479-292-9941', '2023-12-26 14:42:54', '2023-12-26 14:42:54'),
(33, 'Nina', 'Price', 8, 'adell12@example.com', '(330) 703-3335', '2023-12-26 14:42:54', '2023-12-26 14:42:54'),
(34, 'Murphy', 'Johnston', 6, 'yraynor@example.org', '(737) 436-0036', '2023-12-26 14:42:54', '2023-12-26 14:42:54'),
(35, 'Akeem', 'Morar', 6, 'marielle.brekke@example.com', '1-617-310-6352', '2023-12-26 14:42:54', '2023-12-26 14:42:54'),
(36, 'Isabel', 'Schumm', 6, 'zcollier@example.com', '680-901-9633', '2023-12-26 14:42:54', '2023-12-26 14:42:54'),
(38, 'Raheem', 'Bergstrom', 6, 'heather01@example.org', '+1.662.480.4590', '2023-12-26 14:42:54', '2023-12-26 14:42:54'),
(39, 'Jarvis', 'Kilback', 9, 'schultz.althea@example.com', '+1 (909) 204-9718', '2023-12-26 14:42:54', '2023-12-26 14:42:54'),
(43, 'Otto', 'Littel', 7, 'runolfsson.zackary@example.org', '+1.906.766.3313', '2023-12-26 14:42:54', '2023-12-26 14:42:54'),
(45, 'Jesse', 'Padberg', 9, 'delpha25@example.com', '862.815.6500', '2023-12-26 14:42:54', '2023-12-26 14:42:54'),
(47, 'Stone', 'Homenick', 6, 'juanita.bradtke@example.org', '718.686.6739', '2023-12-26 14:42:54', '2023-12-26 14:42:54'),
(48, 'Coty', 'Parker', 9, 'hermina.brekke@example.net', '+1-215-214-3002', '2023-12-26 14:42:54', '2023-12-26 14:42:54'),
(49, 'Doug', 'Collier', 10, 'irwin50@example.net', '+1.281.687.0941', '2023-12-26 14:42:54', '2023-12-26 14:42:54'),
(50, 'Danielle', 'Kerluke', 5, 'schoen.ines@example.com', '580-564-2730', '2023-12-26 14:42:54', '2023-12-26 14:42:54'),
(53, 'Etha', 'Thiel', 9, 'tgusikowski@example.com', '+1 (323) 854-4852', '2023-12-26 14:42:54', '2023-12-26 14:42:54'),
(54, 'Branson', 'Donnelly', 7, 'cristian.welch@example.org', '+1-240-350-0614', '2023-12-26 14:42:54', '2023-12-26 14:42:54'),
(56, 'Bonita', 'Schmeler', 10, 'dkuvalis@example.com', '+13322219279', '2023-12-26 14:42:54', '2023-12-26 14:42:54'),
(57, 'Arne', 'Smitham', 4, 'lgreenholt@example.com', '248.972.9725', '2023-12-26 14:42:54', '2023-12-26 14:42:54'),
(59, 'Ila', 'Stiedemann', 6, 'hlueilwitz@example.net', '202-463-9681', '2023-12-26 14:42:54', '2023-12-26 14:42:54'),
(60, 'Bernice', 'Beatty', 6, 'mauricio.hettinger@example.net', '954.702.2351', '2023-12-26 14:42:54', '2023-12-26 14:42:54'),
(62, 'Aurelio', 'DuBuque', 4, 'rwalsh@example.net', '931-808-0968', '2023-12-26 14:42:54', '2023-12-26 14:42:54'),
(63, 'Brandyn', 'Stiedemann', 7, 'qschmeler@example.org', '501-877-8183', '2023-12-26 14:42:54', '2023-12-26 14:42:54'),
(64, 'Lemuel', 'Pfeffer', 10, 'kuvalis.ava@example.com', '+19405868407', '2023-12-26 14:42:54', '2023-12-26 14:42:54'),
(67, 'Jessie', 'Bosco', 9, 'raymond14@example.com', '1-754-537-6734', '2023-12-26 14:42:54', '2023-12-26 14:42:54'),
(68, 'Cruz', 'Boyle', 6, 'crussel@example.net', '984-786-7891', '2023-12-26 14:42:54', '2023-12-26 14:42:54'),
(69, 'Isadore', 'Turner', 10, 'noble07@example.com', '+1-406-660-2503', '2023-12-26 14:42:54', '2023-12-26 14:42:54'),
(70, 'Dax', 'Price', 7, 'vernice06@example.com', '(406) 363-2078', '2023-12-26 14:42:54', '2023-12-26 14:42:54'),
(73, 'Damon', 'Mueller', 7, 'audra77@example.org', '+1-770-762-7929', '2023-12-26 14:42:54', '2023-12-26 14:42:54'),
(75, 'Anita', 'Lindgren', 5, 'abbott.melissa@example.org', '+12247877490', '2023-12-26 14:42:54', '2023-12-26 14:42:54'),
(76, 'Jolie', 'Jacobi', 10, 'neha93@example.org', '+1-520-835-7040', '2023-12-26 14:42:54', '2023-12-26 14:42:54'),
(77, 'Wyatt', 'Koch', 8, 'beaulah.schiller@example.org', '+1-475-412-1175', '2023-12-26 14:42:54', '2023-12-26 14:42:54'),
(78, 'Ron', 'Franecki', 5, 'dayne10@example.org', '+1 (615) 398-3914', '2023-12-26 14:42:54', '2023-12-26 14:42:54'),
(79, 'Harmon', 'Weimann', 5, 'enos.aufderhar@example.org', '+1.629.743.0836', '2023-12-26 14:42:54', '2023-12-26 14:42:54'),
(80, 'Hugh', 'Smith', 5, 'kaleigh.gerlach@example.com', '+13322365193', '2023-12-26 14:42:54', '2023-12-26 14:42:54'),
(81, 'Rico', 'Hintz', 5, 'sammie.bogisich@example.net', '+1.341.484.7248', '2023-12-26 14:42:54', '2023-12-26 14:42:54'),
(82, 'Clark', 'Veum', 5, 'kzboncak@example.com', '1-703-900-0367', '2023-12-26 14:42:54', '2023-12-26 14:42:54'),
(83, 'Giovanny', 'Dooley', 4, 'lmacejkovic@example.net', '+15677973897', '2023-12-26 14:42:54', '2023-12-26 14:42:54'),
(89, 'Gerald', 'Hettinger', 4, 'xdonnelly@example.net', '678.975.0908', '2023-12-26 14:42:54', '2023-12-26 14:42:54'),
(91, 'Chase', 'Swift', 5, 'gudrun.osinski@example.com', '(321) 563-9303', '2023-12-26 14:42:54', '2023-12-26 14:42:54'),
(92, 'Jazlyn', 'Schneider', 5, 'emely62@example.net', '(251) 651-5923', '2023-12-26 14:42:54', '2023-12-26 14:42:54'),
(94, 'Bell', 'Johnson', 7, 'tmcclure@example.org', '(979) 840-1487', '2023-12-26 14:42:54', '2023-12-26 14:42:54'),
(96, 'Flo', 'Adams', 4, 'marvin.effie@example.net', '1-352-869-5398', '2023-12-26 14:42:54', '2023-12-26 14:42:54'),
(99, 'Margie', 'Ward', 8, 'schroeder.chase@example.org', '+1-623-461-4999', '2023-12-26 14:42:54', '2023-12-26 14:42:54'),
(102, 'Dorcas', 'Padberg', 9, 'anabelle76@example.net', '+1 (951) 955-8022', '2023-12-26 14:42:54', '2023-12-26 14:42:54'),
(104, 'Wade', 'Dach', 4, 'bernie72@example.net', '(240) 955-2809', '2023-12-26 14:42:54', '2023-12-26 14:42:54'),
(107, 'Jimmy', 'Reynolds', 6, 'zharber@example.net', '1-321-944-5144', '2023-12-26 14:42:54', '2023-12-26 14:42:54'),
(108, 'Mary', 'Rice', 7, 'xmann@example.net', '+1 (239) 541-9105', '2023-12-26 14:42:54', '2023-12-26 14:42:54'),
(109, 'Taylor', 'Bartell', 6, 'kris.orpha@example.com', '713-496-3725', '2023-12-26 14:42:54', '2023-12-26 14:42:54'),
(111, 'Nyasia', 'Kunde', 5, 'senger.karianne@example.org', '480.295.7052', '2023-12-26 14:42:54', '2023-12-26 14:42:54'),
(112, 'Kelley', 'Little', 5, 'koberbrunner@example.com', '+1-973-530-3441', '2023-12-26 14:42:54', '2023-12-26 14:42:54'),
(113, 'Marietta', 'Bernhard', 9, 'bleannon@example.com', '(484) 614-9925', '2023-12-26 14:42:54', '2023-12-26 14:42:54'),
(115, 'Jonas', 'Kshlerin', 4, 'mitchell.brycen@example.net', '610-481-0443', '2023-12-26 14:42:54', '2023-12-26 14:42:54'),
(116, 'Dewayne', 'Wuckert', 6, 'wade.dooley@example.net', '828.441.0531', '2023-12-26 14:42:54', '2023-12-26 14:42:54'),
(117, 'Zechariah', 'Murazik', 8, 'cfarrell@example.net', '+17439445713', '2023-12-26 14:42:54', '2023-12-26 14:42:54'),
(118, 'Manuela', 'Paucek', 4, 'maeve06@example.org', '+1.425.389.2252', '2023-12-26 14:42:54', '2023-12-26 14:42:54'),
(119, 'Laurence', 'Lesch', 9, 'yfay@example.net', '+1-272-476-1864', '2023-12-26 14:42:54', '2023-12-26 14:42:54'),
(120, 'Jewel', 'Ruecker', 5, 'ebert.ervin@example.org', '+1 (336) 532-2373', '2023-12-26 14:42:54', '2023-12-26 14:42:54'),
(121, 'Etha', 'Durgan', 9, 'akoch@example.com', '854.406.0492', '2023-12-26 14:42:54', '2023-12-26 14:42:54'),
(122, 'Shawn', 'Price', 5, 'pheller@example.net', '1-534-867-9523', '2023-12-26 14:42:54', '2023-12-26 14:42:54'),
(123, 'Robbie', 'Konopelski', 5, 'feeney.rosario@example.org', '475.937.9642', '2023-12-26 14:42:54', '2023-12-26 14:42:54'),
(124, 'Wade', 'Ritchie', 5, 'cecile82@example.org', '317.315.8344', '2023-12-26 14:42:54', '2023-12-26 14:42:54'),
(125, 'Melvin', 'Stanton', 10, 'freida.dickinson@example.org', '+1-651-508-4537', '2023-12-26 14:42:54', '2023-12-26 14:42:54'),
(126, 'Katrine', 'Goyette', 7, 'ziemann.luz@example.net', '765.235.5518', '2023-12-26 14:42:54', '2023-12-26 14:42:54'),
(127, 'Sebastian', 'Buckridge', 5, 'imohr@example.org', '+1-248-227-2733', '2023-12-26 14:42:54', '2023-12-26 14:42:54'),
(129, 'Layla', 'Hermiston', 10, 'umclaughlin@example.com', '+1-904-864-8216', '2023-12-26 14:42:54', '2023-12-26 14:42:54'),
(130, 'Rocio', 'Yost', 5, 'isaias.huels@example.com', '+1-629-399-5363', '2023-12-26 14:42:54', '2023-12-26 14:42:54'),
(131, 'Nils', 'Wisozk', 7, 'eddie05@example.org', '+1-972-891-8584', '2023-12-26 14:42:54', '2023-12-26 14:42:54'),
(133, 'Thad', 'Kihn', 9, 'osinski.dalton@example.org', '1-845-227-5523', '2023-12-26 14:42:54', '2023-12-26 14:42:54'),
(135, 'Cyrus', 'Krajcik', 5, 'nicolas.brant@example.com', '917.456.8313', '2023-12-26 14:42:54', '2023-12-26 14:42:54'),
(136, 'Carol', 'Gottlieb', 6, 'adriel18@example.net', '1-734-897-3811', '2023-12-26 14:42:54', '2023-12-26 14:42:54'),
(138, 'Elwyn', 'Walker', 9, 'cremin.jerel@example.net', '1-734-224-2905', '2023-12-26 14:42:54', '2023-12-26 14:42:54'),
(139, 'Melba', 'Schinner', 8, 'carmella93@example.com', '650-628-2524', '2023-12-26 14:42:54', '2023-12-26 14:42:54'),
(140, 'Gilbert', 'McCullough', 6, 'emard.tianna@example.net', '+1 (360) 864-9891', '2023-12-26 14:42:54', '2023-12-26 14:42:54'),
(142, 'Halle', 'Stamm', 9, 'reid.mitchell@example.net', '(510) 879-7760', '2023-12-26 14:42:54', '2023-12-26 14:42:54'),
(143, 'Olaf', 'Gottlieb', 7, 'casper.emilia@example.com', '+1 (445) 654-3901', '2023-12-26 14:42:54', '2023-12-26 14:42:54'),
(146, 'Cameron', 'Orn', 7, 'daren97@example.com', '479-353-7771', '2023-12-26 14:42:54', '2023-12-26 14:42:54'),
(147, 'Marisol', 'Little', 6, 'zemmerich@example.org', '308.327.9820', '2023-12-26 14:42:54', '2023-12-26 14:42:54'),
(148, 'Caleb', 'Corkery', 9, 'goyette.katlynn@example.com', '+13804807790', '2023-12-26 14:42:54', '2023-12-26 14:42:54'),
(150, 'Carlee', 'Torp', 10, 'theo59@example.org', '+16784140565', '2023-12-26 14:42:55', '2023-12-26 14:42:55'),
(151, 'Wilhelm', 'Olson', 6, 'jkeebler@example.org', '+18285093822', '2023-12-26 14:42:55', '2023-12-26 14:42:55'),
(152, 'Alva', 'Casper', 9, 'jerrold43@example.net', '+1.862.252.2494', '2023-12-26 14:42:55', '2023-12-26 14:42:55'),
(153, 'Kamron', 'Keebler', 6, 'phoebe.smitham@example.org', '321.363.0490', '2023-12-26 14:42:55', '2023-12-26 14:42:55'),
(154, 'Eddie', 'Harris', 10, 'nlowe@example.net', '+1.828.862.5961', '2023-12-26 14:42:55', '2023-12-26 14:42:55'),
(156, 'Amari', 'Dietrich', 8, 'karli51@example.org', '352-682-1913', '2023-12-26 14:42:55', '2023-12-26 14:42:55'),
(157, 'Nathen', 'Howe', 5, 'clara.rempel@example.com', '(719) 748-6316', '2023-12-26 14:42:55', '2023-12-26 14:42:55'),
(158, 'Ashtyn', 'Gottlieb', 10, 'pluettgen@example.com', '+1 (509) 713-5661', '2023-12-26 14:42:55', '2023-12-26 14:42:55'),
(159, 'Madisyn', 'Harber', 6, 'goodwin.hollie@example.org', '+1-812-386-0963', '2023-12-26 14:42:55', '2023-12-26 14:42:55'),
(160, 'Athena', 'Bailey', 6, 'jeffery17@example.net', '805.246.8862', '2023-12-26 14:42:55', '2023-12-26 14:42:55'),
(162, 'Cayla', 'Orn', 4, 'gorczany.anissa@example.com', '(262) 285-6895', '2023-12-26 14:42:55', '2023-12-26 14:42:55'),
(163, 'Concepcion', 'Predovic', 5, 'elizabeth.mueller@example.net', '1-270-907-6180', '2023-12-26 14:42:55', '2023-12-26 14:42:55'),
(166, 'Emmy', 'Wisoky', 9, 'giovanny.weissnat@example.com', '856.396.9130', '2023-12-26 14:42:55', '2023-12-26 14:42:55'),
(167, 'Cloyd', 'Ritchie', 8, 'robbie.ryan@example.org', '+1.308.554.9187', '2023-12-26 14:42:55', '2023-12-26 14:42:55'),
(168, 'Lottie', 'Kulas', 10, 'kemmer.trace@example.org', '+1 (281) 280-2224', '2023-12-26 14:42:55', '2023-12-26 14:42:55'),
(169, 'Wilber', 'Ruecker', 4, 'sawayn.mekhi@example.org', '+1-316-781-2559', '2023-12-26 14:42:55', '2023-12-26 14:42:55'),
(173, 'Terence', 'Keebler', 7, 'avery83@example.com', '331.585.2999', '2023-12-26 14:42:55', '2023-12-26 14:42:55'),
(174, 'Wilton', 'Jakubowski', 5, 'theodore09@example.com', '+1 (629) 257-4548', '2023-12-26 14:42:55', '2023-12-26 14:42:55'),
(175, 'Kaleigh', 'Gottlieb', 7, 'lou95@example.net', '513-987-1931', '2023-12-26 14:42:55', '2023-12-26 14:42:55'),
(178, 'Icie', 'Emmerich', 7, 'celestine56@example.com', '(252) 454-2053', '2023-12-26 14:42:55', '2023-12-26 14:42:55'),
(179, 'Mayra', 'Hodkiewicz', 10, 'maurine57@example.net', '678.330.6349', '2023-12-26 14:42:55', '2023-12-26 14:42:55'),
(180, 'Braulio', 'Howell', 5, 'samantha42@example.net', '(682) 346-7673', '2023-12-26 14:42:55', '2023-12-26 14:42:55'),
(181, 'Annie', 'Willms', 10, 'klind@example.net', '(432) 926-3561', '2023-12-26 14:42:55', '2023-12-26 14:42:55'),
(183, 'Jaida', 'Streich', 9, 'phyllis17@example.com', '478-485-0608', '2023-12-26 14:42:55', '2023-12-26 14:42:55'),
(186, 'Percy', 'Wolff', 5, 'leanna.jast@example.net', '(859) 713-0368', '2023-12-26 14:42:55', '2023-12-26 14:42:55'),
(187, 'Leatha', 'Marks', 10, 'zhaag@example.com', '956-417-2438', '2023-12-26 14:42:55', '2023-12-26 14:42:55'),
(188, 'Kasey', 'Runte', 10, 'okemmer@example.com', '1-682-919-5779', '2023-12-26 14:42:55', '2023-12-26 14:42:55'),
(194, 'Missouri', 'Bernhard', 4, 'kathleen.mann@example.com', '646-348-7769', '2023-12-26 14:42:55', '2023-12-26 14:42:55'),
(196, 'Brian', 'Krajcik', 7, 'gregory.haley@example.org', '341.594.9862', '2023-12-26 14:42:55', '2023-12-26 14:42:55'),
(197, 'Modesta', 'Bode', 7, 'slarkin@example.org', '845.873.4306', '2023-12-26 14:42:55', '2023-12-26 14:42:55'),
(198, 'Elwyn', 'Swift', 4, 'jerrold.koch@example.org', '(779) 660-4996', '2023-12-26 14:42:55', '2023-12-26 14:42:55'),
(199, 'Blanca', 'Parisian', 6, 'berry25@example.net', '(334) 244-3518', '2023-12-26 14:42:55', '2023-12-26 14:42:55'),
(201, 'Freida', 'Oberbrunner', 4, 'bode.angie@example.net', '817-826-8478', '2023-12-26 14:42:55', '2023-12-26 14:42:55'),
(203, 'Nolan', 'Gutkowski', 9, 'camille.schinner@example.org', '+16789997851', '2023-12-26 14:42:55', '2023-12-26 14:42:55'),
(205, 'Donnie', 'Torp', 6, 'wunsch.ellsworth@example.net', '+1-847-376-4880', '2023-12-26 14:42:55', '2023-12-26 14:42:55'),
(206, 'Doug', 'Turcotte', 6, 'hilton.borer@example.com', '1-737-866-6746', '2023-12-26 14:42:55', '2023-12-26 14:42:55'),
(207, 'Erika', 'Casper', 7, 'boyer.garret@example.com', '1-283-245-4849', '2023-12-26 14:42:55', '2023-12-26 14:42:55'),
(208, 'Durward', 'Leannon', 4, 'letitia13@example.com', '+1 (713) 361-0306', '2023-12-26 14:42:55', '2023-12-26 14:42:55'),
(209, 'Keon', 'Conn', 4, 'mwilkinson@example.com', '+1 (325) 792-2506', '2023-12-26 14:42:55', '2023-12-26 14:42:55'),
(210, 'Stephania', 'Ferry', 10, 'leilani.hand@example.org', '+1 (412) 846-2987', '2023-12-26 14:42:55', '2023-12-26 14:42:55'),
(211, 'Olin', 'Turcotte', 4, 'okuneva.elliot@example.org', '765.509.9635', '2023-12-26 14:42:55', '2023-12-26 14:42:55'),
(212, 'Michale', 'Williamson', 10, 'ddoyle@example.org', '754-355-7351', '2023-12-26 14:42:55', '2023-12-26 14:42:55'),
(214, 'Abby', 'Kreiger', 7, 'ivory.harvey@example.com', '865-735-5872', '2023-12-26 14:42:55', '2023-12-26 14:42:55'),
(215, 'Bill', 'Renner', 9, 'gromaguera@example.com', '(479) 408-2817', '2023-12-26 14:42:55', '2023-12-26 14:42:55'),
(216, 'Nola', 'Hamill', 4, 'isadore86@example.net', '(463) 724-4178', '2023-12-26 14:42:55', '2023-12-26 14:42:55'),
(217, 'Terence', 'Moore', 5, 'blick.lucas@example.org', '+1-470-798-0976', '2023-12-26 14:42:55', '2023-12-26 14:42:55'),
(218, 'Ezequiel', 'Rohan', 10, 'orn.christopher@example.org', '1-571-408-5048', '2023-12-26 14:42:55', '2023-12-26 14:42:55'),
(220, 'Charlene', 'Mitchell', 5, 'sabbott@example.org', '941.922.3251', '2023-12-26 14:42:55', '2023-12-26 14:42:55'),
(221, 'Alta', 'Auer', 6, 'bauer@example.net', '937-571-3221', '2023-12-26 14:42:55', '2023-12-26 14:42:55'),
(222, 'Luella', 'Auer', 9, 'emery95@example.net', '+1-765-412-0728', '2023-12-26 14:42:55', '2023-12-26 14:42:55'),
(224, 'Bartholome', 'Schmeler', 9, 'bruce41@example.org', '(540) 954-7385', '2023-12-26 14:42:55', '2023-12-26 14:42:55'),
(225, 'Robbie', 'Ferry', 8, 'reagan.koepp@example.com', '1-806-776-3813', '2023-12-26 14:42:55', '2023-12-26 14:42:55'),
(226, 'Nolan', 'Satterfield', 7, 'georgianna95@example.net', '+1 (720) 941-9100', '2023-12-26 14:42:55', '2023-12-26 14:42:55'),
(228, 'Johnnie', 'Roberts', 4, 'scarlett88@example.org', '(602) 817-2011', '2023-12-26 14:42:55', '2023-12-26 14:42:55'),
(230, 'Monte', 'Walker', 5, 'kutch.florian@example.com', '1-641-282-8597', '2023-12-26 14:42:55', '2023-12-26 14:42:55'),
(232, 'Name', 'Stracke', 9, 'stevie59@example.com', '+19847811979', '2023-12-26 14:42:55', '2023-12-26 14:42:55'),
(233, 'Hazle', 'Eichmann', 8, 'dannie27@example.org', '+1.906.746.7613', '2023-12-26 14:42:55', '2023-12-26 14:42:55'),
(234, 'Brayan', 'Kihn', 8, 'frank.hudson@example.net', '+1 (832) 263-8328', '2023-12-26 14:42:55', '2023-12-26 14:42:55'),
(235, 'Delores', 'Bailey', 6, 'veum.lonie@example.com', '+1.667.256.0710', '2023-12-26 14:42:55', '2023-12-26 14:42:55'),
(236, 'Jodie', 'Corkery', 4, 'nadia.rath@example.com', '(980) 246-5048', '2023-12-26 14:42:55', '2023-12-26 14:42:55'),
(238, 'Maci', 'McDermott', 9, 'johnston.marshall@example.com', '858-522-4085', '2023-12-26 14:42:55', '2023-12-26 14:42:55'),
(239, 'Margaret', 'Conroy', 7, 'domenic.tillman@example.net', '1-908-598-4987', '2023-12-26 14:42:55', '2023-12-26 14:42:55'),
(240, 'Drew', 'Runolfsson', 8, 'tobin.towne@example.net', '+17476047486', '2023-12-26 14:42:55', '2023-12-26 14:42:55'),
(241, 'Pascale', 'King', 4, 'stacey.emmerich@example.com', '765-701-6282', '2023-12-26 14:42:55', '2023-12-26 14:42:55'),
(242, 'Makenna', 'Wunsch', 7, 'rgreen@example.com', '(808) 347-0911', '2023-12-26 14:42:55', '2023-12-26 14:42:55'),
(243, 'Misty', 'Kub', 8, 'oconnell.jaydon@example.com', '+1-303-890-0283', '2023-12-26 14:42:55', '2023-12-26 14:42:55'),
(244, 'Tyrese', 'Heaney', 8, 'kristina13@example.org', '830-322-4159', '2023-12-26 14:42:55', '2023-12-26 14:42:55'),
(245, 'Berneice', 'Gutmann', 7, 'ebert.luis@example.net', '1-320-501-6726', '2023-12-26 14:42:55', '2023-12-26 14:42:55'),
(247, 'Richmond', 'McDermott', 5, 'rita16@example.net', '480.875.2186', '2023-12-26 14:42:55', '2023-12-26 14:42:55'),
(248, 'Andre', 'Jacobson', 10, 'brekke.isaias@example.net', '1-413-960-8788', '2023-12-26 14:42:55', '2023-12-26 14:42:55'),
(250, 'Berry', 'Romaguera', 8, 'brent.romaguera@example.com', '+1-262-316-5970', '2023-12-26 14:42:55', '2023-12-26 14:42:55'),
(251, 'Assunta', 'Paucek', 7, 'fshields@example.org', '(781) 585-3834', '2023-12-26 14:42:55', '2023-12-26 14:42:55'),
(252, 'Kiarra', 'Wisozk', 7, 'alexys.rau@example.org', '319-709-6520', '2023-12-26 14:42:55', '2023-12-26 14:42:55'),
(253, 'Heather', 'Kuhn', 8, 'ivah51@example.net', '631.968.5713', '2023-12-26 14:42:55', '2023-12-26 14:42:55'),
(254, 'Imani', 'Dach', 7, 'jennie51@example.org', '903.683.2336', '2023-12-26 14:42:55', '2023-12-26 14:42:55'),
(255, 'Fannie', 'Pollich', 10, 'chaim.quitzon@example.org', '757-899-2451', '2023-12-26 14:42:55', '2023-12-26 14:42:55'),
(256, 'Rossie', 'Johnston', 6, 'mireya.cummerata@example.com', '+1 (949) 203-3814', '2023-12-26 14:42:55', '2023-12-26 14:42:55'),
(257, 'Axel', 'Luettgen', 10, 'brant.dibbert@example.com', '1-458-467-1832', '2023-12-26 14:42:55', '2023-12-26 14:42:55'),
(258, 'Kasey', 'Steuber', 7, 'brielle78@example.net', '(505) 240-8226', '2023-12-26 14:42:55', '2023-12-26 14:42:55'),
(259, 'Quinten', 'Waters', 7, 'nicolas.winona@example.org', '1-346-375-3644', '2023-12-26 14:42:55', '2023-12-26 14:42:55'),
(260, 'Mallory', 'Upton', 5, 'gabriella.bogan@example.com', '+1.931.736.4790', '2023-12-26 14:42:55', '2023-12-26 14:42:55'),
(261, 'Coty', 'Nolan', 4, 'daisha.breitenberg@example.org', '802-588-2695', '2023-12-26 14:42:55', '2023-12-26 14:42:55'),
(262, 'Karlie', 'Rau', 7, 'christop10@example.org', '+1.360.418.7231', '2023-12-26 14:42:55', '2023-12-26 14:42:55'),
(264, 'Orland', 'Collier', 5, 'vallie.kuhlman@example.com', '+1 (689) 919-8931', '2023-12-26 14:42:55', '2023-12-26 14:42:55'),
(265, 'Malinda', 'Rutherford', 4, 'hwalker@example.org', '682-927-7432', '2023-12-26 14:42:55', '2023-12-26 14:42:55'),
(266, 'Jerrold', 'Kertzmann', 6, 'mhermann@example.org', '1-360-376-3629', '2023-12-26 14:42:55', '2023-12-26 14:42:55'),
(267, 'Micah', 'Auer', 5, 'green.armstrong@example.net', '+1-920-322-3026', '2023-12-26 14:42:55', '2023-12-26 14:42:55'),
(268, 'Adela', 'McClure', 8, 'cdouglas@example.net', '1-562-346-6763', '2023-12-26 14:42:55', '2023-12-26 14:42:55'),
(269, 'Ricky', 'Ledner', 8, 'upagac@example.org', '872.810.5904', '2023-12-26 14:42:55', '2023-12-26 14:42:55'),
(272, 'Stanley', 'Wuckert', 5, 'loyce.vandervort@example.net', '1-346-349-7465', '2023-12-26 14:42:55', '2023-12-26 14:42:55'),
(275, 'Allen', 'Schmeler', 7, 'noemie.nikolaus@example.net', '1-831-510-4354', '2023-12-26 14:42:55', '2023-12-26 14:42:55'),
(276, 'Evans', 'Spencer', 9, 'jolie76@example.com', '941-302-3025', '2023-12-26 14:42:55', '2023-12-26 14:42:55'),
(279, 'Sibyl', 'Ullrich', 10, 'lrippin@example.org', '1-408-804-6440', '2023-12-26 14:42:55', '2023-12-26 14:42:55'),
(281, 'Sedrick', 'Mante', 4, 'dorothy.aufderhar@example.com', '+1-925-713-5298', '2023-12-26 14:42:55', '2023-12-26 14:42:55'),
(283, 'Adaline', 'Barrows', 4, 'mmetz@example.com', '575.715.6555', '2023-12-26 14:42:55', '2023-12-26 14:42:55'),
(284, 'Lenore', 'Herzog', 5, 'annie.mayer@example.org', '769.888.7976', '2023-12-26 14:42:55', '2023-12-26 14:42:55'),
(286, 'Ava', 'Zieme', 8, 'alyson50@example.com', '+1.432.632.3878', '2023-12-26 14:42:55', '2023-12-26 14:42:55'),
(287, 'Alyson', 'Murazik', 7, 'myrna.hane@example.net', '1-678-870-0041', '2023-12-26 14:42:55', '2023-12-26 14:42:55'),
(288, 'Sydnie', 'Hackett', 5, 'sanford.kelton@example.net', '+1.984.696.3935', '2023-12-26 14:42:55', '2023-12-26 14:42:55'),
(289, 'Floyd', 'Treutel', 10, 'marquardt.nathan@example.net', '360.565.3133', '2023-12-26 14:42:55', '2023-12-26 14:42:55'),
(290, 'Milo', 'Wisoky', 8, 'lina.kozey@example.com', '838.286.6981', '2023-12-26 14:42:55', '2023-12-26 14:42:55'),
(291, 'Chadrick', 'Morar', 4, 'ykutch@example.net', '907-549-9824', '2023-12-26 14:42:55', '2023-12-26 14:42:55'),
(293, 'Orpha', 'Pagac', 8, 'berniece.ebert@example.com', '+1-707-381-2465', '2023-12-26 14:42:55', '2023-12-26 14:42:55'),
(295, 'Leatha', 'Bergstrom', 5, 'maxine60@example.net', '+12189650992', '2023-12-26 14:42:55', '2023-12-26 14:42:55'),
(296, 'Michelle', 'Von', 7, 'barry.nitzsche@example.com', '+15206671995', '2023-12-26 14:42:55', '2023-12-26 14:42:55'),
(297, 'Ena', 'Murphy', 8, 'scotty82@example.net', '1-984-516-4999', '2023-12-26 14:42:55', '2023-12-26 14:42:55'),
(298, 'Kaci', 'Yost', 8, 'brekke.trever@example.net', '(906) 289-5408', '2023-12-26 14:42:55', '2023-12-26 14:42:55'),
(299, 'Presley', 'Jacobi', 5, 'eva03@example.net', '+1.332.245.4628', '2023-12-26 14:42:55', '2023-12-26 14:42:55'),
(300, 'Amie', 'Kohler', 8, 'klocko.salvador@example.com', '+12534506993', '2023-12-26 14:42:55', '2023-12-26 14:42:55'),
(301, 'Hertha', 'Aufderhar', 4, 'eleonore.block@example.net', '+1-904-917-1075', '2023-12-26 14:42:55', '2023-12-26 14:42:55'),
(303, 'Meggie', 'Morar', 10, 'vkunde@example.com', '385.700.7451', '2023-12-26 14:42:55', '2023-12-26 14:42:55'),
(306, 'Ara', 'Hansen', 9, 'colt59@example.net', '(458) 484-9048', '2023-12-26 14:42:55', '2023-12-26 14:42:55'),
(309, 'Dorothy', 'Johns', 9, 'thaddeus42@example.com', '+1-319-436-4046', '2023-12-26 14:42:55', '2023-12-26 14:42:55'),
(310, 'Marcelo', 'Aufderhar', 7, 'antwon.bogisich@example.com', '1-585-471-8925', '2023-12-26 14:42:55', '2023-12-26 14:42:55'),
(313, 'Cristina', 'Davis', 5, 'brown.heloise@example.com', '678.450.0673', '2023-12-26 14:42:55', '2023-12-26 14:42:55'),
(314, 'Nannie', 'Bahringer', 6, 'jessika.rempel@example.com', '754-660-1192', '2023-12-26 14:42:55', '2023-12-26 14:42:55'),
(317, 'Benedict', 'Waelchi', 10, 'neal25@example.net', '725-935-5243', '2023-12-26 14:42:55', '2023-12-26 14:42:55'),
(318, 'Georgette', 'Ratke', 4, 'emilia22@example.org', '539.669.7396', '2023-12-26 14:42:55', '2023-12-26 14:42:55'),
(319, 'Therese', 'Hyatt', 10, 'thompson.josiah@example.org', '773.680.1589', '2023-12-26 14:42:55', '2023-12-26 14:42:55'),
(320, 'Ladarius', 'Hessel', 7, 'karolann.schneider@example.net', '541-718-3581', '2023-12-26 14:42:55', '2023-12-26 14:42:55'),
(321, 'Mackenzie', 'Davis', 5, 'yrosenbaum@example.org', '(435) 625-5085', '2023-12-26 14:42:55', '2023-12-26 14:42:55'),
(322, 'Zane', 'Wolf', 4, 'kautzer.cletus@example.org', '859-879-1268', '2023-12-26 14:42:55', '2023-12-26 14:42:55'),
(323, 'Rahul', 'Mertz', 6, 'orn.eva@example.com', '+15208553988', '2023-12-26 14:42:55', '2023-12-26 14:42:55'),
(324, 'Kole', 'Dickinson', 10, 'mann.ernest@example.com', '+1-872-607-5690', '2023-12-26 14:42:55', '2023-12-26 14:42:55'),
(325, 'Demarcus', 'Hyatt', 6, 'feest.jean@example.org', '434-782-4826', '2023-12-26 14:42:55', '2023-12-26 14:42:55'),
(326, 'Dameon', 'Effertz', 5, 'tmarks@example.com', '336.267.4998', '2023-12-26 14:42:55', '2023-12-26 14:42:55'),
(329, 'Geovanni', 'Hauck', 9, 'nola54@example.com', '937-668-6679', '2023-12-26 14:42:55', '2023-12-26 14:42:55'),
(330, 'Anastacio', 'Keeling', 9, 'satterfield.jasen@example.com', '+1-559-781-5093', '2023-12-26 14:42:55', '2023-12-26 14:42:55'),
(331, 'Telly', 'Zboncak', 5, 'hilpert.keshaun@example.net', '(267) 959-9874', '2023-12-26 14:42:55', '2023-12-26 14:42:55'),
(333, 'Emmie', 'Jacobi', 7, 'norberto57@example.com', '+1-662-571-3991', '2023-12-26 14:42:55', '2023-12-26 14:42:55'),
(335, 'Wilford', 'Olson', 10, 'trantow.kieran@example.com', '+1-864-340-0354', '2023-12-26 14:42:55', '2023-12-26 14:42:55'),
(336, 'Lesley', 'Prosacco', 7, 'jonathon.eichmann@example.org', '1-931-363-7921', '2023-12-26 14:42:55', '2023-12-26 14:42:55'),
(338, 'Bertha', 'Bruen', 9, 'ppouros@example.com', '+1 (534) 675-0160', '2023-12-26 14:42:55', '2023-12-26 14:42:55'),
(339, 'Noble', 'Christiansen', 9, 'koconnell@example.net', '+1-352-898-8816', '2023-12-26 14:42:55', '2023-12-26 14:42:55'),
(340, 'Isabell', 'Wiegand', 8, 'purdy.rebeca@example.com', '(478) 305-6916', '2023-12-26 14:42:55', '2023-12-26 14:42:55'),
(345, 'Libby', 'Mayer', 5, 'larson.genoveva@example.com', '1-785-579-9244', '2023-12-26 14:42:55', '2023-12-26 14:42:55'),
(346, 'Orpha', 'Kirlin', 8, 'xwisozk@example.net', '507.393.5026', '2023-12-26 14:42:55', '2023-12-26 14:42:55'),
(347, 'Whitney', 'Pfannerstill', 7, 'gmann@example.com', '+16518153475', '2023-12-26 14:42:55', '2023-12-26 14:42:55'),
(348, 'Lexi', 'Torphy', 9, 'ferne.kemmer@example.org', '+1.828.236.2674', '2023-12-26 14:42:55', '2023-12-26 14:42:55'),
(350, 'Marina', 'Pacocha', 7, 'mohr.daisy@example.net', '+1-520-383-1758', '2023-12-26 14:42:55', '2023-12-26 14:42:55'),
(351, 'Maxwell', 'Rosenbaum', 4, 'lou60@example.com', '812.358.2828', '2023-12-26 14:42:55', '2023-12-26 14:42:55'),
(352, 'Hailey', 'Shanahan', 4, 'sheridan69@example.org', '1-810-639-9479', '2023-12-26 14:42:55', '2023-12-26 14:42:55'),
(355, 'Karina', 'Dach', 4, 'wlittle@example.net', '502.222.7568', '2023-12-26 14:42:55', '2023-12-26 14:42:55'),
(356, 'Hiram', 'Rolfson', 8, 'stremblay@example.net', '626.585.8033', '2023-12-26 14:42:55', '2023-12-26 14:42:55'),
(357, 'Murl', 'Turner', 10, 'camron.auer@example.org', '+1-458-656-5020', '2023-12-26 14:42:55', '2023-12-26 14:42:55'),
(359, 'Vicky', 'Schulist', 4, 'claire.murphy@example.org', '281-468-6774', '2023-12-26 14:42:55', '2023-12-26 14:42:55'),
(360, 'Santiago', 'Lesch', 5, 'uchristiansen@example.net', '1-680-609-1148', '2023-12-26 14:42:55', '2023-12-26 14:42:55'),
(361, 'Geovanni', 'Crona', 7, 'mariela50@example.com', '+1-386-826-9914', '2023-12-26 14:42:55', '2023-12-26 14:42:55'),
(362, 'Sid', 'Kling', 9, 'hoppe.stuart@example.org', '1-832-710-9503', '2023-12-26 14:42:55', '2023-12-26 14:42:55'),
(363, 'Travon', 'Kiehn', 7, 'rwilliamson@example.com', '+1.530.515.4984', '2023-12-26 14:42:55', '2023-12-26 14:42:55'),
(364, 'Claudia', 'Hansen', 8, 'owilderman@example.net', '838.665.2362', '2023-12-26 14:42:55', '2023-12-26 14:42:55'),
(365, 'Gaston', 'Collins', 5, 'sarina.ullrich@example.org', '331-897-8121', '2023-12-26 14:42:55', '2023-12-26 14:42:55'),
(366, 'Dayton', 'Morissette', 9, 'scormier@example.com', '+1.726.638.5655', '2023-12-26 14:42:55', '2023-12-26 14:42:55'),
(367, 'Cole', 'Torphy', 8, 'klein.ricky@example.org', '+1-973-418-6930', '2023-12-26 14:42:55', '2023-12-26 14:42:55'),
(368, 'Leo', 'Pfannerstill', 10, 'shyanne01@example.com', '(470) 325-0812', '2023-12-26 14:42:55', '2023-12-26 14:42:55'),
(370, 'Jalen', 'Doyle', 8, 'amani46@example.net', '(913) 551-2276', '2023-12-26 14:42:55', '2023-12-26 14:42:55'),
(371, 'Eduardo', 'Bednar', 9, 'jazmyne.emmerich@example.net', '+1-272-372-6924', '2023-12-26 14:42:55', '2023-12-26 14:42:55'),
(372, 'Wava', 'Stroman', 7, 'berta31@example.net', '+17859593994', '2023-12-26 14:42:55', '2023-12-26 14:42:55'),
(373, 'Danial', 'Koelpin', 9, 'kenyon.grimes@example.com', '+1 (908) 435-7943', '2023-12-26 14:42:55', '2023-12-26 14:42:55'),
(375, 'Winona', 'Kassulke', 5, 'else.graham@example.net', '334.531.6072', '2023-12-26 14:42:55', '2023-12-26 14:42:55'),
(377, 'Amelie', 'Windler', 4, 'jamaal.conn@example.com', '859-665-4550', '2023-12-26 14:42:55', '2023-12-26 14:42:55'),
(378, 'Genevieve', 'Pollich', 6, 'keegan.lesch@example.com', '830-824-7451', '2023-12-26 14:42:55', '2023-12-26 14:42:55'),
(381, 'Linda', 'Gaylord', 9, 'yswaniawski@example.net', '912-966-0359', '2023-12-26 14:42:55', '2023-12-26 14:42:55'),
(382, 'Maida', 'Leannon', 10, 'adrien56@example.net', '657-326-3808', '2023-12-26 14:42:55', '2023-12-26 14:42:55'),
(383, 'Hal', 'Raynor', 7, 'kayla.thompson@example.org', '219.980.3049', '2023-12-26 14:42:55', '2023-12-26 14:42:55'),
(386, 'Robyn', 'O\'Conner', 8, 'ffranecki@example.net', '+1-938-930-5873', '2023-12-26 14:42:55', '2023-12-26 14:42:55'),
(388, 'June', 'Berge', 8, 'helen.cruickshank@example.org', '+1-283-266-6674', '2023-12-26 14:42:55', '2023-12-26 14:42:55'),
(389, 'Raoul', 'Bins', 8, 'reinger.junius@example.org', '+17869539859', '2023-12-26 14:42:55', '2023-12-26 14:42:55'),
(392, 'Josefa', 'Swift', 6, 'emilio.kilback@example.com', '1-934-252-4167', '2023-12-26 14:42:55', '2023-12-26 14:42:55'),
(393, 'Walton', 'Smitham', 6, 'wilderman.creola@example.net', '984.562.1072', '2023-12-26 14:42:55', '2023-12-26 14:42:55'),
(395, 'Wanda', 'Schinner', 10, 'cschamberger@example.org', '680.624.9190', '2023-12-26 14:42:55', '2023-12-26 14:42:55'),
(396, 'Angie', 'Streich', 5, 'felipa63@example.net', '+19035946889', '2023-12-26 14:42:55', '2023-12-26 14:42:55'),
(397, 'Martine', 'Runte', 7, 'feest.josie@example.net', '+1 (364) 626-5079', '2023-12-26 14:42:55', '2023-12-26 14:42:55'),
(400, 'Jennyfer', 'Christiansen', 9, 'chase.blanda@example.net', '+1 (531) 918-4133', '2023-12-26 14:42:55', '2023-12-26 14:42:55'),
(401, 'Nathan', 'Lebsack', 4, 'ondricka.meda@example.org', '1-740-803-0097', '2023-12-26 14:42:55', '2023-12-26 14:42:55'),
(404, 'Elmo', 'Brakus', 8, 'melvina80@example.com', '1-562-212-8431', '2023-12-26 14:42:55', '2023-12-26 14:42:55'),
(407, 'Mac', 'Hyatt', 9, 'anabelle.mccullough@example.net', '360-367-5425', '2023-12-26 14:42:55', '2023-12-26 14:42:55'),
(408, 'Mina', 'Franecki', 6, 'darrel92@example.org', '+12527749925', '2023-12-26 14:42:55', '2023-12-26 14:42:55'),
(409, 'Hermann', 'Kuhlman', 10, 'yhowell@example.net', '+1.951.783.3562', '2023-12-26 14:42:55', '2023-12-26 14:42:55'),
(412, 'Tressa', 'Mohr', 5, 'hattie.bergnaum@example.org', '617-667-0728', '2023-12-26 14:42:55', '2023-12-26 14:42:55'),
(413, 'Alexa', 'Herzog', 8, 'verla.tromp@example.com', '(608) 901-1102', '2023-12-26 14:42:55', '2023-12-26 14:42:55'),
(415, 'Karelle', 'Koelpin', 5, 'qrutherford@example.net', '+19515377703', '2023-12-26 14:42:55', '2023-12-26 14:42:55'),
(417, 'Rose', 'Quigley', 8, 'deckow.hiram@example.org', '918.940.6484', '2023-12-26 14:42:55', '2023-12-26 14:42:55'),
(419, 'Adah', 'Emmerich', 6, 'rmohr@example.net', '+1 (754) 546-5895', '2023-12-26 14:42:55', '2023-12-26 14:42:55'),
(421, 'Shany', 'Trantow', 6, 'chad65@example.net', '+1-445-600-8771', '2023-12-26 14:42:55', '2023-12-26 14:42:55'),
(422, 'Darren', 'Fay', 9, 'bswift@example.net', '858-320-1838', '2023-12-26 14:42:55', '2023-12-26 14:42:55'),
(424, 'Rosalee', 'Parisian', 7, 'dubuque.jevon@example.com', '+1-813-580-1061', '2023-12-26 14:42:55', '2023-12-26 14:42:55'),
(425, 'Korbin', 'Lindgren', 6, 'daniel.kelli@example.com', '+1 (772) 888-8466', '2023-12-26 14:42:55', '2023-12-26 14:42:55'),
(426, 'Retta', 'Jerde', 4, 'jledner@example.com', '+1-380-260-4504', '2023-12-26 14:42:55', '2023-12-26 14:42:55'),
(427, 'Adele', 'Bashirian', 4, 'ted50@example.org', '352.879.1612', '2023-12-26 14:42:55', '2023-12-26 14:42:55'),
(428, 'Jordane', 'Mraz', 7, 'zoe.lind@example.com', '+1-689-747-4429', '2023-12-26 14:42:55', '2023-12-26 14:42:55'),
(429, 'Kayley', 'Goyette', 10, 'lexie75@example.com', '+1-580-673-7464', '2023-12-26 14:42:55', '2023-12-26 14:42:55'),
(431, 'Alek', 'Hammes', 5, 'hubert99@example.net', '301-459-6922', '2023-12-26 14:42:55', '2023-12-26 14:42:55'),
(432, 'Howell', 'Metz', 7, 'strosin.pearl@example.com', '+1-458-988-8830', '2023-12-26 14:42:55', '2023-12-26 14:42:55'),
(433, 'Edgardo', 'Homenick', 4, 'stroman.winfield@example.net', '(515) 375-5339', '2023-12-26 14:42:55', '2023-12-26 14:42:55'),
(434, 'Sonny', 'Dicki', 5, 'ilarson@example.net', '+1-458-330-6876', '2023-12-26 14:42:55', '2023-12-26 14:42:55'),
(435, 'Layla', 'Wehner', 5, 'lorine.koepp@example.org', '1-539-778-6194', '2023-12-26 14:42:55', '2023-12-26 14:42:55'),
(436, 'Gideon', 'Eichmann', 4, 'novella98@example.org', '1-336-255-8471', '2023-12-26 14:42:55', '2023-12-26 14:42:55'),
(437, 'Darien', 'Cartwright', 7, 'fjacobi@example.com', '(814) 833-3808', '2023-12-26 14:42:55', '2023-12-26 14:42:55'),
(438, 'Wava', 'Ward', 4, 'ferry.merl@example.com', '+1-857-717-1297', '2023-12-26 14:42:55', '2023-12-26 14:42:55'),
(439, 'Lilian', 'Gerhold', 4, 'emiliano77@example.org', '585.791.5336', '2023-12-26 14:42:55', '2023-12-26 14:42:55'),
(440, 'Elva', 'Senger', 8, 'hnader@example.org', '+1-305-475-4108', '2023-12-26 14:42:55', '2023-12-26 14:42:55'),
(441, 'Abigail', 'Jaskolski', 5, 'angel95@example.com', '+1-678-810-3741', '2023-12-26 14:42:55', '2023-12-26 14:42:55'),
(442, 'Lyla', 'Auer', 9, 'fwiegand@example.net', '360-389-5029', '2023-12-26 14:42:55', '2023-12-26 14:42:55'),
(443, 'Janick', 'Cummerata', 8, 'bins.chris@example.org', '601.969.1769', '2023-12-26 14:42:55', '2023-12-26 14:42:55'),
(445, 'Howard', 'Smitham', 10, 'langosh.maymie@example.com', '+1.920.748.1227', '2023-12-26 14:42:55', '2023-12-26 14:42:55'),
(447, 'Cortney', 'Dooley', 8, 'conn.travon@example.com', '+15408280322', '2023-12-26 14:42:55', '2023-12-26 14:42:55'),
(448, 'Eloise', 'Skiles', 9, 'krempel@example.com', '(940) 317-6934', '2023-12-26 14:42:55', '2023-12-26 14:42:55'),
(449, 'Alayna', 'Dickens', 7, 'zlangworth@example.net', '626.654.9489', '2023-12-26 14:42:55', '2023-12-26 14:42:55'),
(450, 'Leif', 'Skiles', 5, 'caroline71@example.net', '+1 (740) 945-5460', '2023-12-26 14:42:55', '2023-12-26 14:42:55'),
(451, 'Tamia', 'Reinger', 7, 'theodora05@example.org', '+1 (248) 457-5638', '2023-12-26 14:42:55', '2023-12-26 14:42:55'),
(452, 'Catharine', 'Beatty', 7, 'gkiehn@example.org', '+1-678-687-4241', '2023-12-26 14:42:55', '2023-12-26 14:42:55'),
(453, 'Katlyn', 'Watsica', 8, 'lourdes94@example.net', '(640) 604-8977', '2023-12-26 14:42:55', '2023-12-26 14:42:55'),
(454, 'Fay', 'Carter', 10, 'zconn@example.org', '+1-931-882-4687', '2023-12-26 14:42:55', '2023-12-26 14:42:55'),
(455, 'Jay', 'Franecki', 5, 'vbeier@example.net', '+1.417.399.2856', '2023-12-26 14:42:55', '2023-12-26 14:42:55'),
(456, 'Cristopher', 'Bartell', 9, 'jessika41@example.com', '229-985-6925', '2023-12-26 14:42:55', '2023-12-26 14:42:55'),
(457, 'Abagail', 'Daugherty', 7, 'ashlynn92@example.org', '+1 (361) 432-2694', '2023-12-26 14:42:55', '2023-12-26 14:42:55'),
(460, 'Darwin', 'Rice', 9, 'lois89@example.org', '1-803-348-4106', '2023-12-26 14:42:55', '2023-12-26 14:42:55'),
(461, 'Sally', 'Franecki', 8, 'volkman.pete@example.com', '+1 (386) 300-4887', '2023-12-26 14:42:55', '2023-12-26 14:42:55'),
(462, 'Michel', 'Gislason', 10, 'kris.dorian@example.net', '1-870-289-6330', '2023-12-26 14:42:55', '2023-12-26 14:42:55'),
(463, 'Lauryn', 'Fritsch', 10, 'green.buck@example.org', '+1-831-536-1517', '2023-12-26 14:42:55', '2023-12-26 14:42:55'),
(466, 'Lucious', 'Kovacek', 7, 'theathcote@example.org', '+1-574-736-1314', '2023-12-26 14:42:56', '2023-12-26 14:42:56'),
(467, 'Kitty', 'Klocko', 6, 'uriah61@example.net', '1-541-344-8813', '2023-12-26 14:42:56', '2023-12-26 14:42:56'),
(468, 'Laurel', 'McCullough', 10, 'keenan.casper@example.net', '331.265.1956', '2023-12-26 14:42:56', '2023-12-26 14:42:56'),
(469, 'Reynold', 'Hackett', 6, 'virginia.parisian@example.net', '586-720-7319', '2023-12-26 14:42:56', '2023-12-26 14:42:56'),
(470, 'Elisa', 'McLaughlin', 6, 'orodriguez@example.net', '256.692.1260', '2023-12-26 14:42:56', '2023-12-26 14:42:56'),
(472, 'Betsy', 'Beer', 4, 'pfannerstill.dorcas@example.net', '+17136061001', '2023-12-26 14:42:56', '2023-12-26 14:42:56'),
(473, 'Terry', 'Hagenes', 10, 'deshaun13@example.org', '520.256.1468', '2023-12-26 14:42:56', '2023-12-26 14:42:56'),
(475, 'Aliyah', 'Bode', 9, 'usmitham@example.com', '717.640.1449', '2023-12-26 14:42:56', '2023-12-26 14:42:56'),
(476, 'Samara', 'Gorczany', 6, 'kuhic.ellie@example.net', '+1-434-937-2235', '2023-12-26 14:42:56', '2023-12-26 14:42:56'),
(478, 'Stefanie', 'McKenzie', 6, 'fbins@example.com', '+1-773-844-1724', '2023-12-26 14:42:56', '2023-12-26 14:42:56'),
(479, 'Electa', 'Dicki', 10, 'dkoch@example.net', '978-829-8851', '2023-12-26 14:42:56', '2023-12-26 14:42:56'),
(481, 'Madonna', 'Kunde', 10, 'josiane.padberg@example.net', '1-223-783-0028', '2023-12-26 14:42:56', '2023-12-26 14:42:56'),
(482, 'Bonnie', 'Greenholt', 10, 'emerson45@example.com', '+1-678-875-9720', '2023-12-26 14:42:56', '2023-12-26 14:42:56'),
(484, 'Melody', 'Grant', 4, 'odessa.thompson@example.org', '+1-580-421-8652', '2023-12-26 14:42:56', '2023-12-26 14:42:56'),
(486, 'Blaze', 'Rowe', 6, 'bethany.willms@example.org', '470-759-4511', '2023-12-26 14:42:56', '2023-12-26 14:42:56'),
(487, 'Maxime', 'Thiel', 10, 'leland.zboncak@example.org', '+1-319-543-8368', '2023-12-26 14:42:56', '2023-12-26 14:42:56'),
(489, 'Owen', 'McDermott', 7, 'jewell08@example.com', '347-712-8655', '2023-12-26 14:42:56', '2023-12-26 14:42:56'),
(490, 'Creola', 'Howe', 4, 'ofelia05@example.net', '+1-229-538-3471', '2023-12-26 14:42:56', '2023-12-26 14:42:56'),
(492, 'Julio', 'Hyatt', 5, 'donna04@example.net', '(413) 844-3788', '2023-12-26 14:42:56', '2023-12-26 14:42:56'),
(493, 'Edyth', 'Schoen', 10, 'witting.dion@example.org', '(310) 603-1985', '2023-12-26 14:42:56', '2023-12-26 14:42:56'),
(495, 'Destin', 'O\'Kon', 9, 'cesar17@example.net', '+1 (309) 357-8721', '2023-12-26 14:42:56', '2023-12-26 14:42:56'),
(496, 'Lue', 'Pollich', 8, 'leatha.braun@example.org', '859-747-4902', '2023-12-26 14:42:56', '2023-12-26 14:42:56'),
(497, 'Nona', 'Stark', 10, 'mlangworth@example.net', '808-360-9087', '2023-12-26 14:42:56', '2023-12-26 14:42:56'),
(498, 'Kip', 'Russel', 10, 'robin.koss@example.org', '959.592.1268', '2023-12-26 14:42:56', '2023-12-26 14:42:56'),
(500, 'Mellie', 'Hahn', 5, 'leopold65@example.org', '+19492021837', '2023-12-26 14:42:56', '2023-12-26 14:42:56'),
(502, 'Dakota', 'Hayes', 10, 'johnston.stacy@example.net', '726-577-1448', '2023-12-26 14:42:56', '2023-12-26 14:42:56'),
(503, 'Adrianna', 'Von', 8, 'wolf.morton@example.com', '351.368.6307', '2023-12-26 14:42:56', '2023-12-26 14:42:56'),
(504, 'Kiana', 'Reichel', 6, 'audreanne.batz@example.org', '240.861.6534', '2023-12-26 14:42:56', '2023-12-26 14:42:56'),
(505, 'Sydney', 'Lockman', 5, 'rchristiansen@example.net', '1-309-330-7791', '2023-12-26 14:42:56', '2023-12-26 14:42:56'),
(506, 'Deron', 'Olson', 5, 'kiehn.lavinia@example.net', '+1-267-902-9888', '2023-12-26 14:42:56', '2023-12-26 14:42:56'),
(507, 'Adrain', 'Schultz', 10, 'olga00@example.org', '+1-458-622-9703', '2023-12-26 14:42:56', '2023-12-26 14:42:56'),
(509, 'Demarcus', 'Kunze', 10, 'eldridge39@example.com', '+1-765-714-7500', '2023-12-26 14:42:56', '2023-12-26 14:42:56'),
(510, 'George', 'Daugherty', 6, 'ileuschke@example.com', '937-518-7460', '2023-12-26 14:42:56', '2023-12-26 14:42:56'),
(512, 'German', 'Aufderhar', 10, 'schimmel.colt@example.com', '618-212-7875', '2023-12-26 14:42:56', '2023-12-26 14:42:56'),
(513, 'Mertie', 'Dach', 9, 'xklein@example.net', '1-757-483-6135', '2023-12-26 14:42:56', '2023-12-26 14:42:56'),
(515, 'Emmanuelle', 'Carroll', 6, 'adriana99@example.net', '561.559.8037', '2023-12-26 14:42:56', '2023-12-26 14:42:56'),
(516, 'Jonas', 'Frami', 10, 'qbeahan@example.com', '+1.707.314.1195', '2023-12-26 14:42:56', '2023-12-26 14:42:56'),
(518, 'Marley', 'Dickens', 9, 'toney32@example.org', '1-414-979-2317', '2023-12-26 14:42:56', '2023-12-26 14:42:56'),
(519, 'Meghan', 'Waters', 4, 'gsenger@example.net', '+1-810-925-4564', '2023-12-26 14:42:56', '2023-12-26 14:42:56'),
(520, 'Aurelie', 'Rutherford', 4, 'macejkovic.jerrold@example.org', '832.772.2104', '2023-12-26 14:42:56', '2023-12-26 14:42:56'),
(521, 'Gia', 'Miller', 10, 'howell65@example.org', '283.805.4065', '2023-12-26 14:42:56', '2023-12-26 14:42:56'),
(522, 'Ayla', 'Bradtke', 4, 'jkonopelski@example.org', '909-888-2151', '2023-12-26 14:42:56', '2023-12-26 14:42:56'),
(524, 'Tianna', 'Ruecker', 6, 'xkovacek@example.net', '+1.747.605.1816', '2023-12-26 14:42:56', '2023-12-26 14:42:56'),
(525, 'Edwardo', 'Zieme', 10, 'ddare@example.net', '(661) 390-1807', '2023-12-26 14:42:56', '2023-12-26 14:42:56'),
(529, 'Madie', 'Yundt', 8, 'estokes@example.net', '+1-947-672-6126', '2023-12-26 14:42:56', '2023-12-26 14:42:56'),
(530, 'Jessie', 'Dickinson', 5, 'sokuneva@example.net', '(484) 607-8628', '2023-12-26 14:42:56', '2023-12-26 14:42:56'),
(531, 'Adam', 'Konopelski', 4, 'prince.swaniawski@example.com', '850.790.9739', '2023-12-26 14:42:56', '2023-12-26 14:42:56'),
(533, 'Aleen', 'Kshlerin', 10, 'heber.hermiston@example.org', '309.908.7836', '2023-12-26 14:42:56', '2023-12-26 14:42:56'),
(538, 'Hassan', 'Goodwin', 7, 'jessie48@example.net', '+1 (458) 231-1727', '2023-12-26 14:42:56', '2023-12-26 14:42:56'),
(539, 'Magdalen', 'Bayer', 9, 'hackett.diamond@example.net', '(603) 330-2717', '2023-12-26 14:42:56', '2023-12-26 14:42:56'),
(540, 'Alfreda', 'Flatley', 8, 'hermann.raoul@example.net', '1-856-402-1742', '2023-12-26 14:42:56', '2023-12-26 14:42:56'),
(541, 'Lane', 'Mann', 9, 'smills@example.net', '+1.234.547.6994', '2023-12-26 14:42:56', '2023-12-26 14:42:56'),
(542, 'Margret', 'Walsh', 7, 'kuhlman.aimee@example.com', '+1-718-745-4456', '2023-12-26 14:42:56', '2023-12-26 14:42:56'),
(543, 'Isai', 'Bahringer', 5, 'kristina.thompson@example.net', '+1 (737) 995-3809', '2023-12-26 14:42:56', '2023-12-26 14:42:56'),
(544, 'Jennie', 'Farrell', 5, 'cynthia67@example.com', '424-396-3340', '2023-12-26 14:42:56', '2023-12-26 14:42:56'),
(545, 'Cayla', 'Kassulke', 9, 'halle.hoppe@example.org', '+14587232082', '2023-12-26 14:42:56', '2023-12-26 14:42:56'),
(546, 'Bonita', 'Moore', 5, 'selena.tromp@example.org', '+1 (937) 286-5066', '2023-12-26 14:42:56', '2023-12-26 14:42:56'),
(547, 'Angela', 'Stehr', 4, 'nelle.hirthe@example.com', '+12312574175', '2023-12-26 14:42:56', '2023-12-26 14:42:56'),
(548, 'Alverta', 'Carroll', 10, 'zoey96@example.com', '+1.410.740.8659', '2023-12-26 14:42:56', '2023-12-26 14:42:56'),
(549, 'Rod', 'Nicolas', 8, 'bschoen@example.net', '1-815-676-0023', '2023-12-26 14:42:56', '2023-12-26 14:42:56'),
(551, 'Selena', 'Abshire', 7, 'nbayer@example.net', '+1-347-393-5292', '2023-12-26 14:42:56', '2023-12-26 14:42:56'),
(552, 'Greyson', 'McLaughlin', 9, 'marquardt.anais@example.com', '361-441-2720', '2023-12-26 14:42:56', '2023-12-26 14:42:56'),
(553, 'Hilda', 'Orn', 8, 'rhea.hoeger@example.org', '+1-484-452-2680', '2023-12-26 14:42:56', '2023-12-26 14:42:56'),
(555, 'Elta', 'Jacobs', 7, 'rblanda@example.com', '253-893-3895', '2023-12-26 14:42:56', '2023-12-26 14:42:56'),
(559, 'Ellsworth', 'Hickle', 4, 'wjacobson@example.com', '(603) 750-7636', '2023-12-26 14:42:56', '2023-12-26 14:42:56'),
(560, 'Gianni', 'Ratke', 7, 'nbernhard@example.net', '+1 (469) 998-2693', '2023-12-26 14:42:56', '2023-12-26 14:42:56'),
(565, 'Ariel', 'Champlin', 8, 'robbie.prohaska@example.org', '+12767505986', '2023-12-26 14:42:56', '2023-12-26 14:42:56'),
(566, 'Darron', 'Cartwright', 6, 'genesis.howe@example.net', '1-843-746-1204', '2023-12-26 14:42:56', '2023-12-26 14:42:56'),
(568, 'Alvina', 'Kulas', 8, 'effertz.parker@example.org', '+1-248-892-5288', '2023-12-26 14:42:56', '2023-12-26 14:42:56'),
(569, 'Gabe', 'Brekke', 9, 'ebechtelar@example.com', '480-595-7186', '2023-12-26 14:42:56', '2023-12-26 14:42:56'),
(572, 'Penelope', 'Swaniawski', 10, 'twolff@example.net', '772.475.3973', '2023-12-26 14:42:56', '2023-12-26 14:42:56'),
(575, 'Eloisa', 'Hickle', 8, 'shanelle.johns@example.net', '+1-251-360-3039', '2023-12-26 14:42:56', '2023-12-26 14:42:56'),
(576, 'Lillian', 'Upton', 6, 'connelly.orland@example.org', '865-236-9721', '2023-12-26 14:42:56', '2023-12-26 14:42:56'),
(577, 'Arvel', 'Wiza', 8, 'vicente51@example.com', '1-951-681-1753', '2023-12-26 14:42:56', '2023-12-26 14:42:56'),
(578, 'Ole', 'Sipes', 6, 'gleason.avery@example.org', '+1-551-433-1265', '2023-12-26 14:42:56', '2023-12-26 14:42:56'),
(579, 'Keeley', 'Renner', 4, 'miller.mertie@example.net', '+16299186177', '2023-12-26 14:42:56', '2023-12-26 14:42:56'),
(580, 'Shanel', 'Durgan', 5, 'qwhite@example.com', '785.715.2419', '2023-12-26 14:42:56', '2023-12-26 14:42:56'),
(582, 'Wyman', 'Buckridge', 10, 'franecki.noemi@example.org', '(662) 630-3239', '2023-12-26 14:42:56', '2023-12-26 14:42:56'),
(583, 'Lester', 'Macejkovic', 8, 'hill.florian@example.com', '+1-231-896-5273', '2023-12-26 14:42:56', '2023-12-26 14:42:56'),
(585, 'Ona', 'Altenwerth', 10, 'amiya.hilpert@example.com', '1-276-763-9217', '2023-12-26 14:42:56', '2023-12-26 14:42:56'),
(586, 'Hertha', 'Bartell', 8, 'jeremy46@example.com', '(570) 252-6391', '2023-12-26 14:42:56', '2023-12-26 14:42:56'),
(587, 'Odell', 'Krajcik', 5, 'towne.raoul@example.org', '+1-718-235-6103', '2023-12-26 14:42:56', '2023-12-26 14:42:56'),
(588, 'Abel', 'McKenzie', 7, 'fred.jacobi@example.net', '+16784576853', '2023-12-26 14:42:56', '2023-12-26 14:42:56'),
(590, 'Alexandrine', 'Block', 7, 'wilbert42@example.org', '+14066984631', '2023-12-26 14:42:56', '2023-12-26 14:42:56'),
(592, 'Zelma', 'Kunze', 10, 'assunta75@example.org', '+1-201-385-7731', '2023-12-26 14:42:56', '2023-12-26 14:42:56'),
(593, 'Felton', 'Hills', 5, 'ferry.verna@example.net', '463-852-9058', '2023-12-26 14:42:56', '2023-12-26 14:42:56'),
(594, 'Priscilla', 'Wuckert', 9, 'oreilly.emelie@example.com', '+13342174799', '2023-12-26 14:42:56', '2023-12-26 14:42:56'),
(595, 'Lela', 'Bernhard', 9, 'loma31@example.com', '1-331-671-2557', '2023-12-26 14:42:56', '2023-12-26 14:42:56'),
(597, 'Zane', 'Yost', 10, 'leila32@example.org', '+16316765679', '2023-12-26 14:42:56', '2023-12-26 14:42:56'),
(598, 'Karolann', 'Smitham', 8, 'tony.padberg@example.com', '401.283.6030', '2023-12-26 14:42:56', '2023-12-26 14:42:56'),
(599, 'Halie', 'O\'Keefe', 8, 'oconner.osvaldo@example.com', '+1 (364) 258-4597', '2023-12-26 14:42:56', '2023-12-26 14:42:56'),
(601, 'Norval', 'Huel', 8, 'will.johnpaul@example.net', '+1 (919) 407-5578', '2023-12-26 14:42:56', '2023-12-26 14:42:56'),
(603, 'Bethany', 'Bednar', 4, 'zchristiansen@example.com', '870.385.4769', '2023-12-26 14:42:56', '2023-12-26 14:42:56'),
(604, 'Sterling', 'Reichel', 8, 'layne75@example.com', '1-918-789-9570', '2023-12-26 14:42:56', '2023-12-26 14:42:56'),
(606, 'Salvador', 'Beahan', 10, 'wehner.kurt@example.net', '+1 (283) 648-0205', '2023-12-26 14:42:56', '2023-12-26 14:42:56'),
(608, 'Hailie', 'Stiedemann', 5, 'beahan.randi@example.net', '409-703-7046', '2023-12-26 14:42:56', '2023-12-26 14:42:56'),
(609, 'Jayda', 'Stoltenberg', 9, 'ruecker.tom@example.net', '(786) 399-9678', '2023-12-26 14:42:56', '2023-12-26 14:42:56'),
(610, 'Roscoe', 'Ziemann', 5, 'salvatore19@example.org', '(641) 926-2034', '2023-12-26 14:42:56', '2023-12-26 14:42:56'),
(613, 'Shayne', 'Grady', 9, 'ryan.terry@example.com', '785-566-9777', '2023-12-26 14:42:56', '2023-12-26 14:42:56'),
(616, 'Dayne', 'Altenwerth', 8, 'larkin.javier@example.org', '+19846491852', '2023-12-26 14:42:56', '2023-12-26 14:42:56'),
(617, 'Darlene', 'Lynch', 9, 'zgulgowski@example.org', '+1 (725) 405-9066', '2023-12-26 14:42:56', '2023-12-26 14:42:56'),
(619, 'Claire', 'Torphy', 7, 'zoie92@example.com', '1-341-895-8368', '2023-12-26 14:42:56', '2023-12-26 14:42:56'),
(620, 'Ashton', 'Fahey', 7, 'alexandrine40@example.com', '+1-609-317-0339', '2023-12-26 14:42:56', '2023-12-26 14:42:56'),
(622, 'Elise', 'Mayer', 9, 'alisha.feil@example.org', '754-510-5765', '2023-12-26 14:42:56', '2023-12-26 14:42:56'),
(623, 'Hallie', 'Hane', 4, 'cartwright.herman@example.org', '1-586-954-2691', '2023-12-26 14:42:56', '2023-12-26 14:42:56');
INSERT INTO `employees` (`id`, `first_name`, `last_name`, `company_id`, `email`, `phone`, `created_at`, `updated_at`) VALUES
(624, 'Shirley', 'Lubowitz', 5, 'emarvin@example.net', '(253) 496-3270', '2023-12-26 14:42:56', '2023-12-26 14:42:56'),
(625, 'Vern', 'Carter', 7, 'ezekiel.herman@example.com', '1-434-471-0173', '2023-12-26 14:42:56', '2023-12-26 14:42:56'),
(626, 'Laurianne', 'Homenick', 5, 'vhills@example.net', '661.931.3314', '2023-12-26 14:42:56', '2023-12-26 14:42:56'),
(628, 'Elenor', 'Bauch', 8, 'schneider.royce@example.org', '386-672-0802', '2023-12-26 14:42:56', '2023-12-26 14:42:56'),
(629, 'Clyde', 'Hackett', 7, 'huel.nasir@example.org', '+1-262-261-3946', '2023-12-26 14:42:56', '2023-12-26 14:42:56'),
(630, 'Tremaine', 'Boyer', 8, 'paula60@example.org', '507-712-4965', '2023-12-26 14:42:56', '2023-12-26 14:42:56'),
(631, 'Delfina', 'Hahn', 8, 'karelle20@example.net', '(463) 821-5918', '2023-12-26 14:42:56', '2023-12-26 14:42:56'),
(632, 'Wilfredo', 'Boehm', 10, 'homenick.melyna@example.com', '(510) 245-0870', '2023-12-26 14:42:56', '2023-12-26 14:42:56'),
(633, 'Jefferey', 'Gorczany', 8, 'mann.dangelo@example.net', '(818) 773-9662', '2023-12-26 14:42:56', '2023-12-26 14:42:56'),
(634, 'Morgan', 'Emard', 8, 'sbotsford@example.org', '+1-747-437-9654', '2023-12-26 14:42:56', '2023-12-26 14:42:56'),
(635, 'Katlynn', 'Ortiz', 8, 'therese26@example.net', '+1 (734) 718-4625', '2023-12-26 14:42:56', '2023-12-26 14:42:56'),
(636, 'Shawn', 'Franecki', 4, 'rosalyn.heaney@example.com', '(838) 584-6116', '2023-12-26 14:42:56', '2023-12-26 14:42:56'),
(638, 'Marcel', 'Wiegand', 7, 'theron62@example.com', '414-785-3356', '2023-12-26 14:42:56', '2023-12-26 14:42:56'),
(640, 'Donny', 'Rath', 9, 'kylie24@example.net', '716.823.5819', '2023-12-26 14:42:56', '2023-12-26 14:42:56'),
(642, 'Cecil', 'Oberbrunner', 6, 'abshire.willow@example.org', '+1 (801) 530-4541', '2023-12-26 14:42:56', '2023-12-26 14:42:56'),
(643, 'Aida', 'Toy', 8, 'brain.koelpin@example.org', '725.363.2494', '2023-12-26 14:42:56', '2023-12-26 14:42:56'),
(644, 'Geoffrey', 'White', 10, 'rice.kaitlin@example.org', '+1 (731) 232-5519', '2023-12-26 14:42:56', '2023-12-26 14:42:56'),
(645, 'Herman', 'O\'Kon', 5, 'rgulgowski@example.net', '806.246.3690', '2023-12-26 14:42:56', '2023-12-26 14:42:56'),
(646, 'Imogene', 'Heaney', 5, 'katheryn.altenwerth@example.net', '1-314-493-7645', '2023-12-26 14:42:56', '2023-12-26 14:42:56'),
(647, 'Margarett', 'Lang', 5, 'terry.jevon@example.com', '+13144172411', '2023-12-26 14:42:56', '2023-12-26 14:42:56'),
(649, 'Erin', 'Will', 9, 'imcdermott@example.org', '+15703879281', '2023-12-26 14:42:56', '2023-12-26 14:42:56'),
(650, 'Ambrose', 'Balistreri', 4, 'qconnelly@example.net', '+1-930-352-7566', '2023-12-26 14:42:56', '2023-12-26 14:42:56'),
(651, 'Royal', 'Gutmann', 8, 'stroman.adan@example.org', '689.367.8068', '2023-12-26 14:42:56', '2023-12-26 14:42:56'),
(652, 'Tamia', 'Osinski', 6, 'cooper.osinski@example.net', '+1-971-458-1633', '2023-12-26 14:42:56', '2023-12-26 14:42:56'),
(653, 'Santino', 'VonRueden', 4, 'harber.elsie@example.net', '+1 (701) 826-9146', '2023-12-26 14:42:56', '2023-12-26 14:42:56'),
(655, 'Ebony', 'Barton', 10, 'mroob@example.net', '1-346-964-1148', '2023-12-26 14:42:56', '2023-12-26 14:42:56'),
(656, 'Everette', 'Considine', 9, 'wilber.greenholt@example.net', '678.490.2102', '2023-12-26 14:42:56', '2023-12-26 14:42:56'),
(658, 'Christ', 'Hermiston', 5, 'schmidt.clark@example.net', '+1-860-945-2292', '2023-12-26 14:42:56', '2023-12-26 14:42:56'),
(659, 'Vernice', 'O\'Connell', 5, 'braxton.dibbert@example.net', '541-495-1053', '2023-12-26 14:42:56', '2023-12-26 14:42:56'),
(661, 'Elwin', 'Murphy', 4, 'kip93@example.net', '731-627-3636', '2023-12-26 14:42:56', '2023-12-26 14:42:56'),
(663, 'Tanner', 'Mosciski', 9, 'liana.yundt@example.net', '(541) 939-3973', '2023-12-26 14:42:56', '2023-12-26 14:42:56'),
(664, 'Nathanial', 'O\'Connell', 7, 'fredrick.wiegand@example.net', '(443) 333-5375', '2023-12-26 14:42:56', '2023-12-26 14:42:56'),
(665, 'Marilou', 'Bernier', 7, 'orval.carroll@example.org', '1-414-459-0753', '2023-12-26 14:42:56', '2023-12-26 14:42:56'),
(666, 'Deshaun', 'Heidenreich', 8, 'leffler.dorothy@example.net', '(657) 992-4476', '2023-12-26 14:42:56', '2023-12-26 14:42:56'),
(668, 'Quentin', 'Bahringer', 5, 'jude.bednar@example.com', '+1 (828) 410-7736', '2023-12-26 14:42:56', '2023-12-26 14:42:56'),
(669, 'Geo', 'Jacobson', 10, 'obie.hansen@example.com', '+1 (480) 864-7749', '2023-12-26 14:42:56', '2023-12-26 14:42:56'),
(670, 'Hillary', 'Stark', 5, 'lindsey.bernhard@example.net', '+1-385-521-6163', '2023-12-26 14:42:56', '2023-12-26 14:42:56'),
(672, 'Justus', 'Ritchie', 10, 'tessie50@example.net', '620-789-4581', '2023-12-26 14:42:56', '2023-12-26 14:42:56'),
(675, 'Joy', 'Beer', 9, 'anicolas@example.net', '478.200.2924', '2023-12-26 14:42:56', '2023-12-26 14:42:56'),
(676, 'Nettie', 'Toy', 4, 'cecile38@example.com', '734.945.9195', '2023-12-26 14:42:56', '2023-12-26 14:42:56'),
(677, 'August', 'Wolff', 10, 'plegros@example.org', '+1.714.851.4023', '2023-12-26 14:42:56', '2023-12-26 14:42:56'),
(678, 'Vernie', 'Kutch', 8, 'marjolaine81@example.com', '1-310-878-6375', '2023-12-26 14:42:56', '2023-12-26 14:42:56'),
(680, 'Nikolas', 'Rempel', 7, 'lukas.dooley@example.org', '251-667-4111', '2023-12-26 14:42:56', '2023-12-26 14:42:56'),
(681, 'Ramon', 'Collins', 4, 'dmiller@example.net', '+19063484236', '2023-12-26 14:42:56', '2023-12-26 14:42:56'),
(684, 'Vaughn', 'Monahan', 10, 'murl.kerluke@example.net', '+1.229.480.5918', '2023-12-26 14:42:56', '2023-12-26 14:42:56'),
(685, 'Cydney', 'Fahey', 5, 'zechariah.ohara@example.net', '+1-283-788-9497', '2023-12-26 14:42:56', '2023-12-26 14:42:56'),
(686, 'Tony', 'Brakus', 6, 'holly54@example.net', '+19082299672', '2023-12-26 14:42:56', '2023-12-26 14:42:56'),
(687, 'Donato', 'Hartmann', 10, 'bernita.torphy@example.com', '734.998.6427', '2023-12-26 14:42:56', '2023-12-26 14:42:56'),
(688, 'Calista', 'Green', 4, 'bergnaum.beth@example.org', '1-914-781-8042', '2023-12-26 14:42:56', '2023-12-26 14:42:56'),
(690, 'Marianna', 'West', 10, 'josh.sporer@example.com', '1-239-606-2559', '2023-12-26 14:42:56', '2023-12-26 14:42:56'),
(691, 'Joanny', 'Marvin', 10, 'scot84@example.org', '1-765-212-0926', '2023-12-26 14:42:56', '2023-12-26 14:42:56'),
(693, 'Barrett', 'Kerluke', 10, 'thagenes@example.org', '463.979.0000', '2023-12-26 14:42:56', '2023-12-26 14:42:56'),
(694, 'Markus', 'Wolf', 5, 'feest.dawn@example.org', '726-772-0350', '2023-12-26 14:42:56', '2023-12-26 14:42:56'),
(695, 'Marlene', 'Jacobi', 10, 'green.jalen@example.org', '(972) 723-2044', '2023-12-26 14:42:56', '2023-12-26 14:42:56'),
(696, 'Salvador', 'Jones', 9, 'sboyle@example.com', '+1-469-894-2660', '2023-12-26 14:42:56', '2023-12-26 14:42:56'),
(697, 'Curtis', 'Rodriguez', 8, 'oroob@example.com', '(773) 771-8695', '2023-12-26 14:42:56', '2023-12-26 14:42:56'),
(698, 'Alf', 'Reichel', 6, 'ignacio72@example.org', '+1.480.225.9968', '2023-12-26 14:42:56', '2023-12-26 14:42:56'),
(700, 'Aylin', 'Hayes', 5, 'swaniawski.marian@example.org', '612.992.1167', '2023-12-26 14:42:56', '2023-12-26 14:42:56'),
(702, 'Andreanne', 'Kub', 7, 'stefan76@example.org', '+1-925-889-3648', '2023-12-26 14:42:56', '2023-12-26 14:42:56'),
(703, 'Jackeline', 'Casper', 6, 'dibbert.rebecca@example.com', '+1-605-931-3370', '2023-12-26 14:42:56', '2023-12-26 14:42:56'),
(705, 'Mozelle', 'Heidenreich', 9, 'xabshire@example.net', '+1.224.669.0534', '2023-12-26 14:42:56', '2023-12-26 14:42:56'),
(706, 'Marty', 'Bartoletti', 4, 'opal47@example.net', '1-878-457-5357', '2023-12-26 14:42:56', '2023-12-26 14:42:56'),
(708, 'Rylan', 'Morissette', 10, 'brown.giovanna@example.org', '743.957.6230', '2023-12-26 14:42:56', '2023-12-26 14:42:56'),
(709, 'Lupe', 'Waters', 9, 'sydni62@example.net', '804-990-0555', '2023-12-26 14:42:56', '2023-12-26 14:42:56'),
(710, 'Laurie', 'Heaney', 6, 'zena33@example.net', '1-315-982-2534', '2023-12-26 14:42:56', '2023-12-26 14:42:56'),
(712, 'Kathleen', 'Kerluke', 10, 'noe.kozey@example.net', '+1.567.306.1813', '2023-12-26 14:42:56', '2023-12-26 14:42:56'),
(713, 'Ubaldo', 'Heidenreich', 5, 'kris.ila@example.org', '319.908.0376', '2023-12-26 14:42:56', '2023-12-26 14:42:56'),
(715, 'Ramon', 'Wuckert', 9, 'kautzer.miracle@example.com', '+1 (845) 313-6716', '2023-12-26 14:42:56', '2023-12-26 14:42:56'),
(716, 'Christy', 'Abernathy', 8, 'nohara@example.net', '1-332-953-9730', '2023-12-26 14:42:56', '2023-12-26 14:42:56'),
(718, 'Lilyan', 'Anderson', 8, 'gracie55@example.net', '252.670.9864', '2023-12-26 14:42:56', '2023-12-26 14:42:56'),
(720, 'Addie', 'Torphy', 6, 'runte.amelie@example.net', '240.733.1524', '2023-12-26 14:42:56', '2023-12-26 14:42:56'),
(721, 'Jarrett', 'Halvorson', 4, 'glesch@example.org', '+1.220.634.8259', '2023-12-26 14:42:56', '2023-12-26 14:42:56'),
(722, 'Breana', 'Heaney', 7, 'tkozey@example.org', '(832) 510-7754', '2023-12-26 14:42:56', '2023-12-26 14:42:56'),
(723, 'Carmella', 'Gerhold', 7, 'sigurd.nikolaus@example.com', '305.242.5594', '2023-12-26 14:42:56', '2023-12-26 14:42:56'),
(724, 'Evert', 'Carroll', 9, 'santiago.green@example.net', '+1-786-228-9848', '2023-12-26 14:42:56', '2023-12-26 14:42:56'),
(725, 'Damien', 'Haag', 6, 'boehm.keven@example.org', '386.635.6549', '2023-12-26 14:42:56', '2023-12-26 14:42:56'),
(726, 'Hans', 'Hoeger', 6, 'corbin25@example.net', '+1-657-794-4718', '2023-12-26 14:42:56', '2023-12-26 14:42:56'),
(728, 'Patrick', 'Lemke', 9, 'titus57@example.com', '463-869-2736', '2023-12-26 14:42:56', '2023-12-26 14:42:56'),
(729, 'Martine', 'Kovacek', 8, 'columbus66@example.net', '517.790.8281', '2023-12-26 14:42:56', '2023-12-26 14:42:56'),
(730, 'Bella', 'Heaney', 6, 'jonathon.jaskolski@example.org', '+1 (315) 912-0550', '2023-12-26 14:42:56', '2023-12-26 14:42:56'),
(731, 'Emely', 'Paucek', 6, 'emma.heathcote@example.org', '1-980-848-9136', '2023-12-26 14:42:56', '2023-12-26 14:42:56'),
(733, 'Fannie', 'Nienow', 5, 'harvey.charley@example.com', '(229) 622-6843', '2023-12-26 14:42:56', '2023-12-26 14:42:56'),
(734, 'Zelda', 'McCullough', 7, 'fturcotte@example.net', '+1-862-548-3567', '2023-12-26 14:42:56', '2023-12-26 14:42:56'),
(737, 'Belle', 'Schowalter', 5, 'caleb11@example.com', '1-321-810-0128', '2023-12-26 14:42:56', '2023-12-26 14:42:56'),
(738, 'Aurore', 'Monahan', 8, 'wehner.lexi@example.com', '+17013840901', '2023-12-26 14:42:56', '2023-12-26 14:42:56'),
(742, 'Jeromy', 'Abbott', 4, 'predovic.gabe@example.com', '1-530-601-9541', '2023-12-26 14:42:56', '2023-12-26 14:42:56'),
(743, 'Aileen', 'Kuhlman', 4, 'padberg.tomasa@example.com', '+17319249255', '2023-12-26 14:42:56', '2023-12-26 14:42:56'),
(744, 'Sallie', 'Satterfield', 10, 'ericka92@example.net', '+1.832.761.4727', '2023-12-26 14:42:56', '2023-12-26 14:42:56'),
(745, 'Anne', 'Nader', 6, 'fritsch.forrest@example.org', '+1-731-892-1830', '2023-12-26 14:42:56', '2023-12-26 14:42:56'),
(747, 'Hillard', 'Hahn', 9, 'kulas.jennifer@example.com', '+1.785.985.7519', '2023-12-26 14:42:56', '2023-12-26 14:42:56'),
(749, 'Howell', 'Berge', 8, 'xkeeling@example.org', '818-950-6856', '2023-12-26 14:42:56', '2023-12-26 14:42:56'),
(750, 'Katlynn', 'Metz', 10, 'addie.ullrich@example.net', '830-416-9490', '2023-12-26 14:42:56', '2023-12-26 14:42:56'),
(752, 'Josiane', 'Gerhold', 10, 'homenick.providenci@example.org', '1-678-516-3608', '2023-12-26 14:42:56', '2023-12-26 14:42:56'),
(755, 'Watson', 'Prosacco', 6, 'linnie.maggio@example.net', '567.648.9041', '2023-12-26 14:42:56', '2023-12-26 14:42:56'),
(756, 'Camylle', 'Kulas', 5, 'clemens.keebler@example.com', '+18319852054', '2023-12-26 14:42:56', '2023-12-26 14:42:56'),
(758, 'Myrtie', 'Friesen', 7, 'catherine.mcglynn@example.com', '904.303.8776', '2023-12-26 14:42:56', '2023-12-26 14:42:56'),
(759, 'Jazlyn', 'Hermiston', 7, 'mccullough.rodrick@example.net', '954.581.2069', '2023-12-26 14:42:56', '2023-12-26 14:42:56'),
(760, 'Dion', 'Kertzmann', 9, 'pdaugherty@example.net', '+13804845020', '2023-12-26 14:42:56', '2023-12-26 14:42:56'),
(767, 'Roberta', 'Gulgowski', 5, 'terry.audreanne@example.org', '1-479-367-6940', '2023-12-26 14:42:56', '2023-12-26 14:42:56'),
(768, 'Ted', 'O\'Conner', 4, 'okuneva.maia@example.org', '+1-332-752-9839', '2023-12-26 14:42:56', '2023-12-26 14:42:56'),
(769, 'Angel', 'Reilly', 5, 'awisoky@example.com', '+1-602-319-3397', '2023-12-26 14:42:56', '2023-12-26 14:42:56'),
(771, 'Shany', 'Bins', 8, 'elias.tromp@example.net', '+1.540.806.7517', '2023-12-26 14:42:56', '2023-12-26 14:42:56'),
(773, 'Joany', 'Bartoletti', 5, 'shields.maxime@example.org', '(669) 802-4037', '2023-12-26 14:42:56', '2023-12-26 14:42:56'),
(774, 'Tara', 'Waelchi', 8, 'idaniel@example.com', '1-678-654-4430', '2023-12-26 14:42:56', '2023-12-26 14:42:56'),
(776, 'Maurice', 'Kutch', 4, 'emile06@example.org', '+1-940-732-2080', '2023-12-26 14:42:56', '2023-12-26 14:42:56'),
(778, 'Kobe', 'Metz', 8, 'adelia29@example.com', '+1-442-570-4664', '2023-12-26 14:42:56', '2023-12-26 14:42:56'),
(779, 'Johathan', 'Runte', 8, 'mittie.lesch@example.net', '504.954.1890', '2023-12-26 14:42:56', '2023-12-26 14:42:56'),
(781, 'Jabari', 'Luettgen', 4, 'botsford.lorena@example.net', '(414) 592-7144', '2023-12-26 14:42:56', '2023-12-26 14:42:56'),
(782, 'Princess', 'Collier', 5, 'rebeca18@example.com', '(223) 949-9132', '2023-12-26 14:42:56', '2023-12-26 14:42:56'),
(783, 'Bessie', 'Kling', 9, 'qboyle@example.org', '1-862-295-9482', '2023-12-26 14:42:56', '2023-12-26 14:42:56'),
(784, 'Norma', 'Weimann', 4, 'vlakin@example.net', '323.551.5205', '2023-12-26 14:42:56', '2023-12-26 14:42:56'),
(785, 'Pink', 'Schmeler', 10, 'dominique.turner@example.com', '(940) 972-9934', '2023-12-26 14:42:56', '2023-12-26 14:42:56'),
(786, 'Edison', 'Schuster', 6, 'jazmyn.dickens@example.net', '443.669.5836', '2023-12-26 14:42:56', '2023-12-26 14:42:56'),
(787, 'Harmon', 'Doyle', 10, 'jhalvorson@example.net', '1-952-505-8087', '2023-12-26 14:42:56', '2023-12-26 14:42:56'),
(789, 'Hilton', 'Carroll', 6, 'conrad60@example.com', '(231) 889-0129', '2023-12-26 14:42:56', '2023-12-26 14:42:56'),
(790, 'Elvis', 'Legros', 10, 'euna.gibson@example.com', '+1 (763) 323-5412', '2023-12-26 14:42:56', '2023-12-26 14:42:56'),
(791, 'Georgette', 'Breitenberg', 6, 'juvenal.hoppe@example.net', '+1-781-439-9575', '2023-12-26 14:42:56', '2023-12-26 14:42:56'),
(793, 'Jace', 'Kulas', 5, 'nmorissette@example.com', '820.990.4180', '2023-12-26 14:42:56', '2023-12-26 14:42:56'),
(794, 'Loren', 'Franecki', 6, 'carolyn.rath@example.com', '520.473.5135', '2023-12-26 14:42:56', '2023-12-26 14:42:56'),
(795, 'Hans', 'Treutel', 10, 'tlabadie@example.com', '1-820-416-4519', '2023-12-26 14:42:56', '2023-12-26 14:42:56'),
(796, 'Aliyah', 'Nitzsche', 10, 'ora87@example.net', '1-817-507-9829', '2023-12-26 14:42:56', '2023-12-26 14:42:56'),
(798, 'Trevor', 'O\'Hara', 6, 'raphael.marvin@example.com', '+1-678-899-5792', '2023-12-26 14:42:56', '2023-12-26 14:42:56'),
(799, 'Hailie', 'Weimann', 5, 'max.metz@example.org', '1-678-332-1450', '2023-12-26 14:42:56', '2023-12-26 14:42:56'),
(801, 'Samir', 'Haley', 9, 'bonnie.stamm@example.net', '+1 (308) 907-9906', '2023-12-26 14:42:56', '2023-12-26 14:42:56'),
(802, 'Lenore', 'Metz', 6, 'hilpert.akeem@example.com', '315-891-5371', '2023-12-26 14:42:56', '2023-12-26 14:42:56'),
(805, 'Valentina', 'Nikolaus', 9, 'loraine24@example.com', '818.642.5074', '2023-12-26 14:42:56', '2023-12-26 14:42:56'),
(806, 'Edythe', 'Glover', 5, 'schamberger.damien@example.net', '607-563-2307', '2023-12-26 14:42:56', '2023-12-26 14:42:56'),
(808, 'Sabrina', 'Wolff', 5, 'albertha14@example.com', '+1.956.614.4530', '2023-12-26 14:42:56', '2023-12-26 14:42:56'),
(809, 'Wilbert', 'Wunsch', 8, 'serenity.little@example.net', '(534) 701-5157', '2023-12-26 14:42:56', '2023-12-26 14:42:56'),
(810, 'Hassan', 'Johnson', 6, 'camille78@example.com', '+1-563-532-7982', '2023-12-26 14:42:56', '2023-12-26 14:42:56'),
(812, 'Ransom', 'Spencer', 6, 'jaiden62@example.org', '1-985-846-2224', '2023-12-26 14:42:56', '2023-12-26 14:42:56'),
(813, 'Myah', 'Altenwerth', 4, 'ben99@example.org', '+1.469.968.0908', '2023-12-26 14:42:56', '2023-12-26 14:42:56'),
(814, 'Berniece', 'Block', 4, 'weston46@example.org', '(863) 387-5240', '2023-12-26 14:42:56', '2023-12-26 14:42:56'),
(816, 'Alexis', 'Kunde', 8, 'lucile.satterfield@example.org', '+1-334-390-3928', '2023-12-26 14:42:56', '2023-12-26 14:42:56'),
(818, 'Casimir', 'Klocko', 5, 'mallory.rosenbaum@example.org', '+1.707.813.2374', '2023-12-26 14:42:56', '2023-12-26 14:42:56'),
(819, 'Karl', 'Terry', 9, 'gsteuber@example.net', '520-571-9688', '2023-12-26 14:42:56', '2023-12-26 14:42:56'),
(820, 'Malinda', 'Fritsch', 7, 'schultz.misty@example.net', '423-264-0316', '2023-12-26 14:42:56', '2023-12-26 14:42:56'),
(821, 'Genesis', 'Donnelly', 4, 'marge.kozey@example.org', '1-347-904-1282', '2023-12-26 14:42:56', '2023-12-26 14:42:56'),
(822, 'Einar', 'Stracke', 4, 'tgreenholt@example.org', '838-422-3250', '2023-12-26 14:42:56', '2023-12-26 14:42:56'),
(824, 'Aurelie', 'Rogahn', 7, 'ruthe42@example.com', '1-754-457-4259', '2023-12-26 14:42:56', '2023-12-26 14:42:56'),
(827, 'Vernie', 'Hansen', 5, 'omurphy@example.com', '1-402-717-4474', '2023-12-26 14:42:56', '2023-12-26 14:42:56'),
(828, 'Rashad', 'Kirlin', 8, 'kwunsch@example.com', '+1-773-296-7260', '2023-12-26 14:42:56', '2023-12-26 14:42:56'),
(829, 'Cooper', 'Nader', 9, 'zboncak.jana@example.org', '(757) 732-3823', '2023-12-26 14:42:56', '2023-12-26 14:42:56'),
(830, 'Harrison', 'Beahan', 6, 'cwillms@example.net', '+1 (272) 281-0385', '2023-12-26 14:42:56', '2023-12-26 14:42:56'),
(831, 'Johathan', 'Botsford', 7, 'fae54@example.org', '682-841-4504', '2023-12-26 14:42:56', '2023-12-26 14:42:56'),
(832, 'Scottie', 'Padberg', 9, 'nannie.hoeger@example.org', '+1-251-598-9458', '2023-12-26 14:42:56', '2023-12-26 14:42:56'),
(833, 'Bret', 'Schneider', 7, 'pfahey@example.net', '775-436-2060', '2023-12-26 14:42:56', '2023-12-26 14:42:56'),
(835, 'Michelle', 'Jones', 9, 'freddie37@example.net', '(724) 209-8939', '2023-12-26 14:42:56', '2023-12-26 14:42:56'),
(836, 'Preston', 'Pagac', 5, 'nlang@example.net', '+1 (725) 634-1592', '2023-12-26 14:42:56', '2023-12-26 14:42:56'),
(837, 'Guido', 'Fadel', 10, 'bziemann@example.net', '678.534.5544', '2023-12-26 14:42:56', '2023-12-26 14:42:56'),
(838, 'Roma', 'Hackett', 5, 'satterfield.howard@example.net', '(516) 586-9810', '2023-12-26 14:42:57', '2023-12-26 14:42:57'),
(839, 'Waldo', 'Wisoky', 8, 'sydney.muller@example.org', '808.334.4167', '2023-12-26 14:42:57', '2023-12-26 14:42:57'),
(840, 'Jesus', 'Gibson', 4, 'qhomenick@example.net', '+16574098163', '2023-12-26 14:42:57', '2023-12-26 14:42:57'),
(842, 'Donna', 'Auer', 4, 'nyah60@example.net', '360.525.8218', '2023-12-26 14:42:57', '2023-12-26 14:42:57'),
(844, 'Kellie', 'Hamill', 10, 'xlebsack@example.net', '(786) 318-0228', '2023-12-26 14:42:57', '2023-12-26 14:42:57'),
(845, 'Mireille', 'Collier', 4, 'flo.smith@example.org', '1-364-584-2680', '2023-12-26 14:42:57', '2023-12-26 14:42:57'),
(846, 'Reina', 'Ward', 9, 'tod.shields@example.org', '+1 (252) 467-9299', '2023-12-26 14:42:57', '2023-12-26 14:42:57'),
(847, 'Mathew', 'Bruen', 5, 'dare.dejuan@example.org', '+1-727-448-2012', '2023-12-26 14:42:57', '2023-12-26 14:42:57'),
(848, 'Harley', 'Corwin', 9, 'feil.joesph@example.com', '1-629-688-2874', '2023-12-26 14:42:57', '2023-12-26 14:42:57'),
(849, 'Breanne', 'Quitzon', 8, 'meta78@example.org', '(781) 494-5679', '2023-12-26 14:42:57', '2023-12-26 14:42:57'),
(850, 'Soledad', 'McGlynn', 10, 'nathen.heaney@example.com', '+1.478.340.2369', '2023-12-26 14:42:57', '2023-12-26 14:42:57'),
(851, 'Carmel', 'Runolfsson', 6, 'homenick.guy@example.net', '1-678-734-9035', '2023-12-26 14:42:57', '2023-12-26 14:42:57'),
(852, 'Nannie', 'Mayert', 5, 'sharber@example.com', '+1-352-712-5052', '2023-12-26 14:42:57', '2023-12-26 14:42:57'),
(853, 'Fatima', 'Bernier', 6, 'frederic33@example.org', '415-459-7249', '2023-12-26 14:42:57', '2023-12-26 14:42:57'),
(854, 'Adrianna', 'Vandervort', 6, 'qcollier@example.net', '1-754-509-2501', '2023-12-26 14:42:57', '2023-12-26 14:42:57'),
(859, 'Hattie', 'Kertzmann', 9, 'lue.cronin@example.com', '+1-678-428-3845', '2023-12-26 14:42:57', '2023-12-26 14:42:57'),
(860, 'Guillermo', 'Metz', 6, 'stokes.kamron@example.com', '743.426.8078', '2023-12-26 14:42:57', '2023-12-26 14:42:57'),
(862, 'Renee', 'Nienow', 8, 'katlyn.herzog@example.net', '1-458-245-8128', '2023-12-26 14:42:57', '2023-12-26 14:42:57'),
(863, 'Santiago', 'Tromp', 10, 'max.koss@example.net', '+1-530-510-7780', '2023-12-26 14:42:57', '2023-12-26 14:42:57'),
(864, 'Otho', 'Lind', 4, 'west.jaron@example.com', '1-480-991-1688', '2023-12-26 14:42:57', '2023-12-26 14:42:57'),
(865, 'Hugh', 'Greenfelder', 9, 'cheyanne.cormier@example.org', '+1-313-387-5490', '2023-12-26 14:42:57', '2023-12-26 14:42:57'),
(866, 'Madelynn', 'Johns', 5, 'schmidt.catalina@example.net', '+1-660-842-2807', '2023-12-26 14:42:57', '2023-12-26 14:42:57'),
(867, 'Vernon', 'Sporer', 6, 'elena79@example.org', '1-828-308-4090', '2023-12-26 14:42:57', '2023-12-26 14:42:57'),
(868, 'Garrick', 'Prohaska', 8, 'bwiza@example.com', '+1-423-481-0434', '2023-12-26 14:42:57', '2023-12-26 14:42:57'),
(870, 'Gerry', 'Rolfson', 9, 'von.reynold@example.net', '(469) 317-4718', '2023-12-26 14:42:57', '2023-12-26 14:42:57'),
(871, 'Percy', 'Bartell', 9, 'catalina97@example.org', '224-939-4747', '2023-12-26 14:42:57', '2023-12-26 14:42:57'),
(872, 'Rosetta', 'Bergnaum', 8, 'jamaal41@example.com', '820-908-1797', '2023-12-26 14:42:57', '2023-12-26 14:42:57'),
(873, 'Melyssa', 'Metz', 8, 'lauren.hammes@example.org', '(551) 297-4968', '2023-12-26 14:42:57', '2023-12-26 14:42:57'),
(875, 'Freddy', 'Spinka', 9, 'orion.lakin@example.org', '(341) 598-5818', '2023-12-26 14:42:57', '2023-12-26 14:42:57'),
(876, 'Ervin', 'Schmeler', 8, 'fmcclure@example.com', '(760) 807-6578', '2023-12-26 14:42:57', '2023-12-26 14:42:57'),
(877, 'Thaddeus', 'Swift', 4, 'dooley.vernon@example.net', '510-742-3344', '2023-12-26 14:42:57', '2023-12-26 14:42:57'),
(879, 'Mary', 'Altenwerth', 5, 'jasen11@example.com', '+1-559-586-7452', '2023-12-26 14:42:57', '2023-12-26 14:42:57'),
(880, 'Henriette', 'Hodkiewicz', 6, 'lang.stephany@example.org', '484.621.4053', '2023-12-26 14:42:57', '2023-12-26 14:42:57'),
(882, 'Raul', 'Witting', 7, 'parker.bennie@example.net', '1-940-249-8177', '2023-12-26 14:42:57', '2023-12-26 14:42:57'),
(883, 'Elvera', 'Hammes', 7, 'guillermo.thiel@example.org', '+1-254-740-0932', '2023-12-26 14:42:57', '2023-12-26 14:42:57'),
(884, 'Keara', 'Gusikowski', 9, 'ellie.turcotte@example.org', '+14347887319', '2023-12-26 14:42:57', '2023-12-26 14:42:57'),
(885, 'Helga', 'Lind', 9, 'sdickinson@example.org', '+1.949.236.3816', '2023-12-26 14:42:57', '2023-12-26 14:42:57'),
(886, 'Joy', 'Stamm', 5, 'henriette.fadel@example.org', '316.741.2802', '2023-12-26 14:42:57', '2023-12-26 14:42:57'),
(887, 'Frances', 'Reinger', 7, 'hauck.jude@example.org', '1-854-841-6487', '2023-12-26 14:42:57', '2023-12-26 14:42:57'),
(888, 'Cruz', 'Wintheiser', 9, 'parker.akeem@example.com', '(225) 341-5055', '2023-12-26 14:42:57', '2023-12-26 14:42:57'),
(889, 'Cruz', 'Hoeger', 5, 'grolfson@example.net', '541-753-3204', '2023-12-26 14:42:57', '2023-12-26 14:42:57'),
(890, 'Eli', 'Tromp', 10, 'miller.edmond@example.org', '240.653.3739', '2023-12-26 14:42:57', '2023-12-26 14:42:57'),
(892, 'Lina', 'Friesen', 9, 'breanne.conn@example.com', '551-234-9507', '2023-12-26 14:42:57', '2023-12-26 14:42:57'),
(893, 'Meggie', 'West', 8, 'eblock@example.org', '646-901-4293', '2023-12-26 14:42:57', '2023-12-26 14:42:57'),
(894, 'Annabell', 'Schaefer', 7, 'kcrist@example.com', '+1-430-595-7295', '2023-12-26 14:42:57', '2023-12-26 14:42:57'),
(895, 'Dawson', 'Kiehn', 7, 'ekoelpin@example.org', '+1-571-916-4017', '2023-12-26 14:42:57', '2023-12-26 14:42:57'),
(897, 'Zella', 'Bernier', 7, 'hprice@example.net', '+1-928-604-0732', '2023-12-26 14:42:57', '2023-12-26 14:42:57'),
(898, 'Gabriel', 'Kerluke', 7, 'jboyle@example.com', '+1-315-319-3688', '2023-12-26 14:42:57', '2023-12-26 14:42:57'),
(900, 'Ocie', 'Harvey', 5, 'bradly.wehner@example.net', '+1.865.841.2836', '2023-12-26 14:42:57', '2023-12-26 14:42:57'),
(904, 'Keyshawn', 'Glover', 6, 'hking@example.com', '1-667-398-1213', '2023-12-26 14:42:57', '2023-12-26 14:42:57'),
(905, 'Jairo', 'Brekke', 5, 'abbott.emil@example.net', '+1 (651) 880-3045', '2023-12-26 14:42:57', '2023-12-26 14:42:57'),
(906, 'Sarah', 'Daniel', 6, 'eparker@example.com', '754-399-8293', '2023-12-26 14:42:57', '2023-12-26 14:42:57'),
(907, 'Thomas', 'Wilkinson', 6, 'wolf.tomas@example.net', '+1-937-990-1292', '2023-12-26 14:42:57', '2023-12-26 14:42:57'),
(908, 'Velda', 'Hodkiewicz', 8, 'kayleigh.treutel@example.com', '478.489.7058', '2023-12-26 14:42:57', '2023-12-26 14:42:57'),
(910, 'Alvera', 'Schowalter', 5, 'keeling.elliott@example.net', '(480) 233-6674', '2023-12-26 14:42:57', '2023-12-26 14:42:57'),
(911, 'Ola', 'Kovacek', 9, 'lang.alessandro@example.org', '(848) 517-2825', '2023-12-26 14:42:57', '2023-12-26 14:42:57'),
(913, 'Layne', 'Friesen', 9, 'bernhard.westley@example.com', '1-479-863-5549', '2023-12-26 14:42:57', '2023-12-26 14:42:57'),
(914, 'Eve', 'Reinger', 5, 'auer.clementina@example.com', '1-423-631-5675', '2023-12-26 14:42:57', '2023-12-26 14:42:57'),
(916, 'Lolita', 'Hermiston', 10, 'emily66@example.net', '917.614.2690', '2023-12-26 14:42:57', '2023-12-26 14:42:57'),
(917, 'Jeramy', 'Reilly', 9, 'connor.ortiz@example.com', '743-536-9855', '2023-12-26 14:42:57', '2023-12-26 14:42:57'),
(919, 'Rocio', 'Blick', 4, 'plarkin@example.net', '+14802664475', '2023-12-26 14:42:57', '2023-12-26 14:42:57'),
(920, 'Ned', 'Aufderhar', 9, 'ghalvorson@example.net', '681-573-6448', '2023-12-26 14:42:57', '2023-12-26 14:42:57'),
(921, 'Olen', 'Pagac', 9, 'friedrich53@example.net', '(801) 510-9087', '2023-12-26 14:42:57', '2023-12-26 14:42:57'),
(922, 'Aniyah', 'Ward', 9, 'vince.medhurst@example.org', '1-480-253-7084', '2023-12-26 14:42:57', '2023-12-26 14:42:57'),
(923, 'Davion', 'Roberts', 10, 'jgibson@example.net', '1-617-692-3009', '2023-12-26 14:42:57', '2023-12-26 14:42:57'),
(924, 'Patience', 'Brown', 7, 'sydni.hoeger@example.com', '+1-520-210-8545', '2023-12-26 14:42:57', '2023-12-26 14:42:57'),
(925, 'Jamel', 'Kling', 9, 'daron37@example.org', '681.992.6740', '2023-12-26 14:42:57', '2023-12-26 14:42:57'),
(926, 'Alene', 'Strosin', 4, 'corine40@example.org', '585.665.8986', '2023-12-26 14:42:57', '2023-12-26 14:42:57'),
(927, 'Gavin', 'Weimann', 4, 'royce71@example.net', '+18059177087', '2023-12-26 14:42:57', '2023-12-26 14:42:57'),
(929, 'Audrey', 'Kub', 6, 'leon81@example.com', '+1.951.999.2958', '2023-12-26 14:42:57', '2023-12-26 14:42:57'),
(934, 'Hunter', 'Hickle', 6, 'rashad00@example.com', '726.554.3974', '2023-12-26 14:42:57', '2023-12-26 14:42:57'),
(935, 'Claudine', 'Johnston', 6, 'tristin.carter@example.org', '443-856-0477', '2023-12-26 14:42:57', '2023-12-26 14:42:57'),
(936, 'Clark', 'Schimmel', 10, 'rozella55@example.org', '435-598-7862', '2023-12-26 14:42:57', '2023-12-26 14:42:57'),
(938, 'Clare', 'Nikolaus', 4, 'rosalia.ledner@example.net', '1-762-936-3512', '2023-12-26 14:42:57', '2023-12-26 14:42:57'),
(939, 'Dangelo', 'Dicki', 9, 'frank23@example.net', '+1-445-605-5704', '2023-12-26 14:42:57', '2023-12-26 14:42:57'),
(940, 'Nichole', 'Hoeger', 4, 'tsawayn@example.com', '309-997-2352', '2023-12-26 14:42:57', '2023-12-26 14:42:57'),
(941, 'Alfred', 'Schneider', 8, 'wilbert17@example.com', '+1.283.312.7077', '2023-12-26 14:42:57', '2023-12-26 14:42:57'),
(944, 'Marcos', 'Beier', 9, 'shyann02@example.org', '640.652.6750', '2023-12-26 14:42:57', '2023-12-26 14:42:57'),
(946, 'Stuart', 'Medhurst', 4, 'johnson81@example.net', '1-563-727-4665', '2023-12-26 14:42:57', '2023-12-26 14:42:57'),
(947, 'Vern', 'O\'Connell', 7, 'miguel.windler@example.net', '757-416-0473', '2023-12-26 14:42:57', '2023-12-26 14:42:57'),
(948, 'Monserrate', 'O\'Conner', 10, 'crawford75@example.org', '+19546670022', '2023-12-26 14:42:57', '2023-12-26 14:42:57'),
(949, 'Delphine', 'Ziemann', 4, 'celia43@example.net', '+18326023051', '2023-12-26 14:42:57', '2023-12-26 14:42:57'),
(950, 'Janessa', 'Hane', 4, 'fbarton@example.net', '(316) 465-2699', '2023-12-26 14:42:57', '2023-12-26 14:42:57'),
(951, 'Ferne', 'Hoeger', 4, 'terry68@example.com', '+12057576710', '2023-12-26 14:42:57', '2023-12-26 14:42:57'),
(953, 'Oma', 'Volkman', 10, 'hhaley@example.org', '1-310-633-1517', '2023-12-26 14:42:57', '2023-12-26 14:42:57'),
(955, 'Piper', 'Sawayn', 4, 'beahan.buddy@example.com', '+1 (615) 243-1561', '2023-12-26 14:42:57', '2023-12-26 14:42:57'),
(958, 'Maximillian', 'Miller', 8, 'lzulauf@example.org', '757-896-4529', '2023-12-26 14:42:57', '2023-12-26 14:42:57'),
(959, 'Jesus', 'Purdy', 4, 'kayleigh77@example.org', '724-513-9596', '2023-12-26 14:42:57', '2023-12-26 14:42:57'),
(960, 'Rodrigo', 'Hansen', 5, 'darien.leannon@example.org', '551.704.2910', '2023-12-26 14:42:57', '2023-12-26 14:42:57'),
(961, 'Krista', 'Gerlach', 4, 'kirlin.francesca@example.org', '+1-559-241-5454', '2023-12-26 14:42:57', '2023-12-26 14:42:57'),
(963, 'Miracle', 'Hickle', 8, 'armstrong.henriette@example.org', '1-650-641-0352', '2023-12-26 14:42:57', '2023-12-26 14:42:57'),
(964, 'Branson', 'Dach', 10, 'hollie.robel@example.org', '458.567.2712', '2023-12-26 14:42:57', '2023-12-26 14:42:57'),
(966, 'Idell', 'Feeney', 8, 'hayley58@example.com', '+1-539-531-7314', '2023-12-26 14:42:57', '2023-12-26 14:42:57'),
(967, 'Cleora', 'Kreiger', 6, 'bosco.kelsi@example.net', '+1-714-855-0646', '2023-12-26 14:42:57', '2023-12-26 14:42:57'),
(968, 'Donald', 'Keebler', 7, 'vleuschke@example.net', '872.593.1707', '2023-12-26 14:42:57', '2023-12-26 14:42:57'),
(972, 'Serena', 'Botsford', 7, 'nicolas.gertrude@example.org', '+1-480-617-8714', '2023-12-26 14:42:57', '2023-12-26 14:42:57'),
(973, 'Ashley', 'Romaguera', 6, 'streich.camron@example.org', '+1 (989) 228-7128', '2023-12-26 14:42:57', '2023-12-26 14:42:57'),
(974, 'Marta', 'Halvorson', 9, 'vinnie57@example.com', '(630) 967-9724', '2023-12-26 14:42:57', '2023-12-26 14:42:57'),
(975, 'Jovany', 'Gaylord', 10, 'kilback.kamron@example.net', '+16892220596', '2023-12-26 14:42:57', '2023-12-26 14:42:57'),
(976, 'Ray', 'Baumbach', 4, 'fhudson@example.org', '361-318-9591', '2023-12-26 14:42:57', '2023-12-26 14:42:57'),
(977, 'Liliane', 'Lemke', 9, 'avis.abbott@example.com', '1-325-591-9342', '2023-12-26 14:42:57', '2023-12-26 14:42:57'),
(978, 'Corbin', 'Hackett', 9, 'jackeline05@example.com', '+15802443407', '2023-12-26 14:42:57', '2023-12-26 14:42:57'),
(979, 'Freddy', 'McClure', 8, 'gutmann.verner@example.org', '925.790.2481', '2023-12-26 14:42:57', '2023-12-26 14:42:57'),
(980, 'Juliana', 'Zieme', 6, 'dolores96@example.org', '+12545980315', '2023-12-26 14:42:57', '2023-12-26 14:42:57'),
(982, 'Duncan', 'Legros', 9, 'isaac11@example.com', '1-551-554-6022', '2023-12-26 14:42:57', '2023-12-26 14:42:57'),
(983, 'Fabiola', 'Runolfsdottir', 5, 'hwuckert@example.net', '(281) 467-2526', '2023-12-26 14:42:57', '2023-12-26 14:42:57'),
(984, 'Nakia', 'Auer', 9, 'timothy.grimes@example.org', '+1.276.233.0460', '2023-12-26 14:42:57', '2023-12-26 14:42:57'),
(985, 'Edmund', 'Hill', 10, 'legros.alaina@example.com', '1-220-909-3026', '2023-12-26 14:42:57', '2023-12-26 14:42:57'),
(986, 'Bella', 'Kulas', 8, 'jordi.deckow@example.com', '+1 (321) 235-7690', '2023-12-26 14:42:57', '2023-12-26 14:42:57'),
(987, 'Dakota', 'Mueller', 4, 'carlee.goodwin@example.org', '+1-657-745-0718', '2023-12-26 14:42:57', '2023-12-26 14:42:57'),
(988, 'Carli', 'Walter', 8, 'pedro.altenwerth@example.org', '651-478-4678', '2023-12-26 14:42:57', '2023-12-26 14:42:57'),
(989, 'Burdette', 'Schmidt', 6, 'julius45@example.net', '812.749.9909', '2023-12-26 14:42:57', '2023-12-26 14:42:57'),
(990, 'Luigi', 'Ward', 10, 'mabernathy@example.org', '+1.361.823.6255', '2023-12-26 14:42:57', '2023-12-26 14:42:57'),
(991, 'Geraldine', 'Abernathy', 5, 'leuschke.melissa@example.net', '352.271.7603', '2023-12-26 14:42:57', '2023-12-26 14:42:57'),
(992, 'Kade', 'Rau', 9, 'cydney09@example.net', '+1 (404) 295-1416', '2023-12-26 14:42:57', '2023-12-26 14:42:57'),
(993, 'Dalton', 'Ankunding', 4, 'roberts.novella@example.com', '240-597-9889', '2023-12-26 14:42:57', '2023-12-26 14:42:57'),
(994, 'Margret', 'Altenwerth', 6, 'lebsack.adolfo@example.org', '(929) 673-7209', '2023-12-26 14:42:57', '2023-12-26 14:42:57'),
(995, 'Rodrigo', 'Yundt', 5, 'jpouros@example.net', '+17278036116', '2023-12-26 14:42:57', '2023-12-26 14:42:57'),
(996, 'Boris', 'Reynolds', 6, 'okon.lexi@example.net', '+14584288469', '2023-12-26 14:42:57', '2023-12-26 14:42:57'),
(997, 'Gus', 'Kub', 10, 'brenden70@example.net', '+1-480-270-0323', '2023-12-26 14:42:57', '2023-12-26 14:42:57'),
(1000, 'Jannie', 'Gislason', 10, 'aosinski@example.com', '530-416-1427', '2023-12-26 14:42:57', '2023-12-26 14:42:57');

-- --------------------------------------------------------

--
-- Table structure for table `failed_jobs`
--

CREATE TABLE `failed_jobs` (
  `id` bigint UNSIGNED NOT NULL,
  `uuid` varchar(255) COLLATE utf8mb4_unicode_ci NOT NULL,
  `connection` text COLLATE utf8mb4_unicode_ci NOT NULL,
  `queue` text COLLATE utf8mb4_unicode_ci NOT NULL,
  `payload` longtext COLLATE utf8mb4_unicode_ci NOT NULL,
  `exception` longtext COLLATE utf8mb4_unicode_ci NOT NULL,
  `failed_at` timestamp NOT NULL DEFAULT CURRENT_TIMESTAMP
) ENGINE=InnoDB DEFAULT CHARSET=utf8mb4 COLLATE=utf8mb4_unicode_ci;

-- --------------------------------------------------------

--
-- Table structure for table `migrations`
--

CREATE TABLE `migrations` (
  `id` int UNSIGNED NOT NULL,
  `migration` varchar(255) COLLATE utf8mb4_unicode_ci NOT NULL,
  `batch` int NOT NULL
) ENGINE=InnoDB DEFAULT CHARSET=utf8mb4 COLLATE=utf8mb4_unicode_ci;

--
-- Dumping data for table `migrations`
--

INSERT INTO `migrations` (`id`, `migration`, `batch`) VALUES
(1, '2014_10_12_000000_create_users_table', 1),
(2, '2014_10_12_100000_create_password_reset_tokens_table', 1),
(3, '2014_10_12_100000_create_password_resets_table', 1),
(4, '2019_08_19_000000_create_failed_jobs_table', 1),
(5, '2019_12_14_000001_create_personal_access_tokens_table', 1),
(6, '2023_12_26_151731_create_companies_table', 2),
(9, '2023_12_26_151942_create_employees_table', 3);

-- --------------------------------------------------------

--
-- Table structure for table `password_resets`
--

CREATE TABLE `password_resets` (
  `email` varchar(255) COLLATE utf8mb4_unicode_ci NOT NULL,
  `token` varchar(255) COLLATE utf8mb4_unicode_ci NOT NULL,
  `created_at` timestamp NULL DEFAULT NULL
) ENGINE=InnoDB DEFAULT CHARSET=utf8mb4 COLLATE=utf8mb4_unicode_ci;

-- --------------------------------------------------------

--
-- Table structure for table `password_reset_tokens`
--

CREATE TABLE `password_reset_tokens` (
  `email` varchar(255) COLLATE utf8mb4_unicode_ci NOT NULL,
  `token` varchar(255) COLLATE utf8mb4_unicode_ci NOT NULL,
  `created_at` timestamp NULL DEFAULT NULL
) ENGINE=InnoDB DEFAULT CHARSET=utf8mb4 COLLATE=utf8mb4_unicode_ci;

-- --------------------------------------------------------

--
-- Table structure for table `personal_access_tokens`
--

CREATE TABLE `personal_access_tokens` (
  `id` bigint UNSIGNED NOT NULL,
  `tokenable_type` varchar(255) COLLATE utf8mb4_unicode_ci NOT NULL,
  `tokenable_id` bigint UNSIGNED NOT NULL,
  `name` varchar(255) COLLATE utf8mb4_unicode_ci NOT NULL,
  `token` varchar(64) COLLATE utf8mb4_unicode_ci NOT NULL,
  `abilities` text COLLATE utf8mb4_unicode_ci,
  `last_used_at` timestamp NULL DEFAULT NULL,
  `expires_at` timestamp NULL DEFAULT NULL,
  `created_at` timestamp NULL DEFAULT NULL,
  `updated_at` timestamp NULL DEFAULT NULL
) ENGINE=InnoDB DEFAULT CHARSET=utf8mb4 COLLATE=utf8mb4_unicode_ci;

-- --------------------------------------------------------

--
-- Table structure for table `users`
--

CREATE TABLE `users` (
  `id` bigint UNSIGNED NOT NULL,
  `name` varchar(255) COLLATE utf8mb4_unicode_ci NOT NULL,
  `email` varchar(255) COLLATE utf8mb4_unicode_ci NOT NULL,
  `email_verified_at` timestamp NULL DEFAULT NULL,
  `password` varchar(255) COLLATE utf8mb4_unicode_ci NOT NULL,
  `remember_token` varchar(100) COLLATE utf8mb4_unicode_ci DEFAULT NULL,
  `created_at` timestamp NULL DEFAULT NULL,
  `updated_at` timestamp NULL DEFAULT NULL
) ENGINE=InnoDB DEFAULT CHARSET=utf8mb4 COLLATE=utf8mb4_unicode_ci;

--
-- Dumping data for table `users`
--

INSERT INTO `users` (`id`, `name`, `email`, `email_verified_at`, `password`, `remember_token`, `created_at`, `updated_at`) VALUES
(1, 'mefleh almahameed', 'meflehalharbi2@gmail.com', NULL, '$2y$12$Gk4VsjF3/1iPR5KFvWuXse6B1X4guVFLx03PN5tx8tLs7/eFL5dy2', NULL, '2023-12-26 12:08:59', '2023-12-26 12:08:59'),
(2, 'admin', 'admin@admin.com', NULL, '$2y$12$4yhgT/qhBGKKUXGUvixB6.7wQMIktafeESTsdGufmCpV0nX6dGvnm', NULL, '2023-12-26 12:39:17', '2023-12-26 12:39:17');

--
-- Indexes for dumped tables
--

--
-- Indexes for table `companies`
--
ALTER TABLE `companies`
  ADD PRIMARY KEY (`id`);

--
-- Indexes for table `employees`
--
ALTER TABLE `employees`
  ADD PRIMARY KEY (`id`),
  ADD KEY `employees_company_id_foreign` (`company_id`);

--
-- Indexes for table `failed_jobs`
--
ALTER TABLE `failed_jobs`
  ADD PRIMARY KEY (`id`),
  ADD UNIQUE KEY `failed_jobs_uuid_unique` (`uuid`);

--
-- Indexes for table `migrations`
--
ALTER TABLE `migrations`
  ADD PRIMARY KEY (`id`);

--
-- Indexes for table `password_resets`
--
ALTER TABLE `password_resets`
  ADD KEY `password_resets_email_index` (`email`);

--
-- Indexes for table `password_reset_tokens`
--
ALTER TABLE `password_reset_tokens`
  ADD PRIMARY KEY (`email`);

--
-- Indexes for table `personal_access_tokens`
--
ALTER TABLE `personal_access_tokens`
  ADD PRIMARY KEY (`id`),
  ADD UNIQUE KEY `personal_access_tokens_token_unique` (`token`),
  ADD KEY `personal_access_tokens_tokenable_type_tokenable_id_index` (`tokenable_type`,`tokenable_id`);

--
-- Indexes for table `users`
--
ALTER TABLE `users`
  ADD PRIMARY KEY (`id`),
  ADD UNIQUE KEY `users_email_unique` (`email`);

--
-- AUTO_INCREMENT for dumped tables
--

--
-- AUTO_INCREMENT for table `companies`
--
ALTER TABLE `companies`
  MODIFY `id` bigint UNSIGNED NOT NULL AUTO_INCREMENT, AUTO_INCREMENT=36;

--
-- AUTO_INCREMENT for table `employees`
--
ALTER TABLE `employees`
  MODIFY `id` bigint UNSIGNED NOT NULL AUTO_INCREMENT, AUTO_INCREMENT=1001;

--
-- AUTO_INCREMENT for table `failed_jobs`
--
ALTER TABLE `failed_jobs`
  MODIFY `id` bigint UNSIGNED NOT NULL AUTO_INCREMENT;

--
-- AUTO_INCREMENT for table `migrations`
--
ALTER TABLE `migrations`
  MODIFY `id` int UNSIGNED NOT NULL AUTO_INCREMENT, AUTO_INCREMENT=10;

--
-- AUTO_INCREMENT for table `personal_access_tokens`
--
ALTER TABLE `personal_access_tokens`
  MODIFY `id` bigint UNSIGNED NOT NULL AUTO_INCREMENT;

--
-- AUTO_INCREMENT for table `users`
--
ALTER TABLE `users`
  MODIFY `id` bigint UNSIGNED NOT NULL AUTO_INCREMENT, AUTO_INCREMENT=3;

--
-- Constraints for dumped tables
--

--
-- Constraints for table `employees`
--
ALTER TABLE `employees`
  ADD CONSTRAINT `employees_company_id_foreign` FOREIGN KEY (`company_id`) REFERENCES `companies` (`id`);
COMMIT;

/*!40101 SET CHARACTER_SET_CLIENT=@OLD_CHARACTER_SET_CLIENT */;
/*!40101 SET CHARACTER_SET_RESULTS=@OLD_CHARACTER_SET_RESULTS */;
/*!40101 SET COLLATION_CONNECTION=@OLD_COLLATION_CONNECTION */;
